Vote Number,Congress Num,Session,Legislation Number,Date,Question,Vote Title,Document Text,Result,Majority Requirement,Republican Yes,Republican No,Republican Present,Republican Absent,Democrat Yes,Democrat No,Democrat Present,Democrat Absent,Independent Yes,Independent No,Independent Present,Independent Absent,Total Yes,Total No,Total Present,Total Absent,Tie Breaker
1,112,2,PN468,"January 23, 2012,  05:32 PM",On the Nomination PN468,"Confirmation John M. Gerrard, of Nebraska, to be U.S. District Judge for the District of Nebraska","John M. Gerrard, of Nebraska, to be United States District Judge for the District of Nebraska",Nomination Confirmed (74-16),'1/2',26,16,0,5,48,0,0,3,0,0,0,2,74,16,0,10,
2,112,2,H.J.Res. 98,"January 26, 2012,  11:57 AM",On the Motion to Proceed H.J.Res. 98,Motion to Proceed to Consider H.J. Res. 98,"A joint resolution relating to the disapproval of the President's exercise of authority to increase the debt limit, as submitted under section 3101A of title 31, United States Code, on January 12, 2012.",Motion to Proceed Rejected (44-52),'1/2',42,1,0,4,2,49,0,0,0,2,0,0,44,52,0,4,
3,112,2,S. 2038,"January 30, 2012,  05:32 PM",On Cloture on the Motion to Proceed S. 2038,Motion to Invoke Cloture on the Motion to Proceed to Consider S. 2038,"An original bill to prohibit Members of Congress and employees of Congress from using nonpublic information derived from their official positions for personal benefit, and for other purposes.","Cloture on the Motion to Proceed Agreed to (93-2, 3/5 majority required)",'3/5',42,2,0,3,49,0,0,2,2,0,0,0,93,2,0,5,
4,112,2,,"February 2, 2012,  02:06 PM",On the Amendment S.Amdt. 1484 to S.Amdt. 1470 to S. 2038 (Stop Trading on Congressional Knowledge Act of 2012),Paul Amdt. No. 1484,"To require Members of Congress to certify that they are not trading using material, non-public information.",Amendment Rejected (37-61),'1/2',30,15,0,2,7,44,0,0,0,2,0,0,37,61,0,2,
5,112,2,,"February 2, 2012,  02:33 PM",On the Amendment S.Amdt. 1487 to S.Amdt. 1470 to S. 2038 (Stop Trading on Congressional Knowledge Act of 2012),Paul Amdt. No. 1487,"To prohibit executive branch appointees or staff holding positions that give them oversight, rule-making, loan or grant-making abilities over industries or companies in which they or their spouse have a significant financial interest.","Amendment Rejected (48-51, 3/5 majority required)",'3/5',38,8,0,1,10,41,0,0,0,2,0,0,48,51,0,1,
6,112,2,,"February 2, 2012,  02:50 PM",On the Amendment S.Amdt. 1511 to S.Amdt. 1470 to S. 2038 (Stop Trading on Congressional Knowledge Act of 2012),Lieberman Amdt. No. 1511,To extend the STOCK Act to ensure that the reporting requirements set forth in the STOCK Act apply to the executive branch and independent agencies.,Amendment Agreed to (81-18),'1/2',29,17,0,1,50,1,0,0,2,0,0,0,81,18,0,1,
7,112,2,,"February 2, 2012,  03:09 PM",On the Amendment S.Amdt. 1491 to S.Amdt. 1470 to S. 2038 (Stop Trading on Congressional Knowledge Act of 2012),Shelby Amdt. No. 1491 As Modified,To extend the STOCK Act to ensure that the reporting requirements set forth in the STOCK Act apply to the executive branch and independent agencies.,Amendment Agreed to (58-41),'1/2',46,0,0,1,12,39,0,0,0,2,0,0,58,41,0,1,
8,112,2,,"February 2, 2012,  03:39 PM",On the Amendment S.Amdt. 1472 to S.Amdt. 1470 to S. 2038 (Stop Trading on Congressional Knowledge Act of 2012),Toomey Amdt. No. 1472,To prohibit earmarks.,"Amendment Rejected (40-59, 3/5 majority required)",'3/5',33,13,0,1,7,44,0,0,0,2,0,0,40,59,0,1,
9,112,2,,"February 2, 2012,  03:59 PM",On the Amendment S.Amdt. 1500 to S.Amdt. 1470 to S. 2038 (Stop Trading on Congressional Knowledge Act of 2012),Inhofe Amdt. No. 1500,To prohibit unauthorized earmarks.,"Amendment Rejected (26-73, 3/5 majority required)",'3/5',20,26,0,1,6,45,0,0,0,2,0,0,26,73,0,1,
10,112,2,,"February 2, 2012,  04:22 PM",On the Amendment S.Amdt. 1473 to S.Amdt. 1470 to S. 2038 (Stop Trading on Congressional Knowledge Act of 2012),Coburn Amdt. No. 1473,To prevent the creation of duplicative and overlapping Federal programs.,"Amendment Rejected (60-39, 2/3 majority required)",'2/3',46,0,0,1,14,37,0,0,0,2,0,0,60,39,0,1,
11,112,2,,"February 2, 2012,  04:41 PM",On the Amendment S.Amdt. 1488 to S.Amdt. 1470 to S. 2038 (Stop Trading on Congressional Knowledge Act of 2012),DeMint Amdt. No. 1488,To express the sense of the Senate that the Senate should pass a joint resolution proposing an amendment to the Constitution that limits the number of terms a Member of Congress may serve.,"Amendment Rejected (24-75, 3/5 majority required)",'3/5',23,23,0,1,1,50,0,0,0,2,0,0,24,75,0,1,
12,112,2,,"February 2, 2012,  05:01 PM",On the Amendment S.Amdt. 1493 to S.Amdt. 1470 to S. 2038 (Stop Trading on Congressional Knowledge Act of 2012),Grassley Amdt. No. 1493,To require disclosure of political intelligence activities under Lobbying Disclosure Act of 1995.,"Amendment Agreed to (60-39, 3/5 majority required)",'3/5',32,14,0,1,27,24,0,0,1,1,0,0,60,39,0,1,
13,112,2,,"February 2, 2012,  05:23 PM",On the Amendment S.Amdt. 1481 to S.Amdt. 1470 to S. 2038 (Stop Trading on Congressional Knowledge Act of 2012),Brown (OH) Amdt. No. 1481 As Modified,To prohibit financial conflicts of interest by Senators and staff.,"Amendment Rejected (26-73, 3/5 majority required)",'3/5',5,41,0,1,20,31,0,0,1,1,0,0,26,73,0,1,
14,112,2,S. 2038,"February 2, 2012,  05:42 PM",On Passage of the Bill S. 2038,S. 2038 As Amended,"An original bill to prohibit Members of Congress and employees of Congress from using nonpublic information derived from their official positions for personal benefit, and for other purposes.",Bill Passed (96-3),'1/2',44,2,0,1,50,1,0,0,2,0,0,0,96,3,0,1,
15,112,2,H.R. 658,"February 6, 2012,  05:33 PM",On the Conference Report H.R. 658,Conference Report to Accompany H.R. 658,"A bill to amend title 49, United States Code, to authorize appropriations for the Federal Aviation Administration for fiscal years 2011 through 2014, to streamline programs, create efficiencies, reduce waste, and improve aviation safety and capacity, to provide stable funding for the national aviation system, and for other purposes.","Conference Report Agreed to (75-20, 3/5 majority required)",'3/5',38,5,0,4,36,14,0,1,1,1,0,0,75,20,0,5,
16,112,2,PN524,"February 9, 2012,  02:01 PM",On the Nomination PN524,"Confirmation Cathy Ann Bencivengo, of California, to be U.S. District Judge","Cathy Ann Bencivengo, of California, to be United States District Judge for the Southern District of California",Nomination Confirmed (90-6),'1/2',37,6,0,4,51,0,0,0,2,0,0,0,90,6,0,4,
17,112,2,S. 1813,"February 9, 2012,  02:25 PM",On Cloture on the Motion to Proceed S. 1813,Motion to Invoke Cloture on the Motion to Proceed to S. 1813,"A bill to reauthorize Federal-aid highway and highway safety construction programs, and for other purposes.","Cloture on the Motion to Proceed Agreed to (85-11, 3/5 majority required)",'3/5',34,9,0,4,49,2,0,0,2,0,0,0,85,11,0,4,
18,112,2,PN864,"February 13, 2012,  05:34 PM",On the Cloture Motion PN864,"Motion to Invoke Cloture on the Nomination of Adalberto Jose Jordan, of Florida, to be U.S. Circuit Judge","Adalberto Jose Jordan, of Florida, to be United States Circuit Judge for the Eleventh Circuit","Cloture Motion Agreed to (89-5, 3/5 majority required)",'3/5',38,5,0,4,50,0,0,1,1,0,0,1,89,5,0,6,
19,112,2,PN864,"February 15, 2012,  12:02 PM",On the Nomination PN864,"Confirmation Adalberto Jose Jordan, of Florida, to be U.S. Circuit Judge for the Eleventh Circuit","Adalberto Jose Jordan, of Florida, to be United States Circuit Judge for the Eleventh Circuit",Nomination Confirmed (94-5),'1/2',41,5,0,1,51,0,0,0,2,0,0,0,94,5,0,1,
20,112,2,,"February 17, 2012,  11:11 AM",On the Cloture Motion S.Amdt. 1633 to S. 1813 (MAP-21),Motion to Invoke Cloture on the Reid Amdt. No. 1633,Of a perfecting nature.,"Cloture Motion Rejected (54-42, 3/5 majority required)",'3/5',2,42,0,3,50,0,0,1,2,0,0,0,54,42,0,4,
21,112,2,PN632,"February 17, 2012,  11:38 AM",On the Nomination PN632,"Confirmation Jesse M. Furman, of New York, to be United States District Judge","Jesse M. Furman, of New York, to be United States District Judge for the Southern District of New York",Nomination Confirmed (62-34),'1/2',10,34,0,3,50,0,0,1,2,0,0,0,62,34,0,4,
22,112,2,H.R. 3630,"February 17, 2012,  11:58 AM",On the Conference Report H.R. 3630,Conference Report to Accompany H.R. 3630,"A bill to extend the payroll tax holiday, unemployment compensation, Medicare physician payment, provide for the consideration of the Keystone XL pipeline, and for other purposes.",Conference Report Agreed to (60-36),'1/2',14,30,0,3,45,5,0,1,1,1,0,0,60,36,0,4,
23,112,2,PN631,"February 27, 2012,  05:30 PM",On the Nomination PN631,"Confirmation Margo Kitsy Brodie, of New York, to be U.S. District Judge for the Eastern District of New York","Margo Kitsy Brodie, of New York, to be United States District Judge for the Eastern District of New York",Nomination Confirmed (86-2),'1/2',39,2,0,6,45,0,0,6,2,0,0,0,86,2,0,12,
24,112,2,,"March 1, 2012,  11:31 AM",On the Motion to Table S.Amdt. 1520 to S.Amdt. 1730 to S. 1813 (MAP-21),Motion to Table Blunt Amdt. No. 1520,To amend the Patient Protection and Affordable Care Act to protect rights of conscience with regard to requirements for coverage of specific items and services.,Motion to Table Agreed to (51-48),'1/2',1,45,0,1,48,3,0,0,2,0,0,0,51,48,0,1,
25,112,2,,"March 6, 2012,  12:20 PM",On the Cloture Motion S.Amdt. 1761 to S. 1813 (MAP-21),Motion to Invoke Cloture on the Reid Amdt No. 1761 to S. 1813,Of a perfecting nature.,"Cloture Motion Rejected (52-44, 3/5 majority required)",'3/5',2,43,0,2,48,1,0,2,2,0,0,0,52,44,0,4,
26,112,2,PN634,"March 6, 2012,  02:17 PM",On the Nomination PN634,"Confirmation Mary Elizabeth Phillips, of Missouri, to be U.S. District Judge","Mary Elizabeth Phillips, of Missouri, to be United States District Judge for the Western District of Missouri",Nomination Confirmed (95-2),'1/2',43,2,0,2,50,0,0,1,2,0,0,0,95,2,0,3,
27,112,2,PN736,"March 6, 2012,  02:43 PM",On the Nomination PN736,"Confirmation Thomas Owen Rice, of Washington, to be U.S. District Judge","Thomas Owen Rice, of Washington, to be United States District Judge for the Eastern District of Washington",Nomination Confirmed (93-4),'1/2',41,4,0,2,50,0,0,1,2,0,0,0,93,4,0,3,
28,112,2,,"March 8, 2012,  02:03 PM",On the Amendment S.Amdt. 1535 to S. 1813 (MAP-21),Vitter Amdt. No. 1535,To provide for an extension of the Draft Proposed Outer Continental Shelf Oil and Gas Leasing Program 2010-2015.,"Amendment Rejected (43-55, 3/5 majority required)",'3/5',40,5,0,2,3,48,0,0,0,2,0,0,43,55,0,2,
29,112,2,,"March 8, 2012,  02:28 PM",On the Amendment S.Amdt. 1825 to S. 1813 (MAP-21),Baucus Amdt. No. 1825,"To reauthorize for 1 year the Secure Rural Schools and Community Self-Determination Act of 2000 and to provide full funding for the Payments in Lieu of Taxes program for 1 year, and for other purposes.","Amendment Agreed to (82-16, 3/5 majority required)",'3/5',36,9,0,2,45,6,0,0,1,1,0,0,82,16,0,2,
30,112,2,,"March 8, 2012,  02:48 PM",On the Amendment S.Amdt. 1660 to S. 1813 (MAP-21),Collins Amdt. No. 1660,"To provide additional time for the Administrator of the Environmental Protection Agency to issue achievable standards for industrial, commercial, and institutional boilers, process heaters, and incinerators.","Amendment Rejected (52-46, 3/5 majority required)",'3/5',44,1,0,2,8,43,0,0,0,2,0,0,52,46,0,2,
31,112,2,,"March 8, 2012,  03:05 PM",On the Amendment S.Amdt. 1738 to S. 1813 (MAP-21),Coburn Amdt. No. 1738,To prevent the creation of duplicative and overlapping Federal programs.,"Amendment Rejected (52-46, 3/5 majority required)",'3/5',45,0,0,2,7,44,0,0,0,2,0,0,52,46,0,2,
32,112,2,,"March 8, 2012,  03:24 PM",On the Amendment S.Amdt. 1822 to S. 1813 (MAP-21),Nelson (FL) Amdt. No. 1822,"To provide for the restoration of the natural resources, ecosystems, fisheries, marine and wildlife habitats, beaches, and coastal wetlands of Gulf Coast States and to provide funding for the Land and Water Conservation Fund.","Amendment Agreed to (76-22, 3/5 majority required)",'3/5',23,22,0,2,51,0,0,0,2,0,0,0,76,22,0,2,
33,112,2,,"March 8, 2012,  03:45 PM",On the Amendment S.Amdt. 1817 to S. 1813 (MAP-21),Wyden Amdt. No. 1817,"To ensure the expeditious processing of Keystone XL permit applications consistent with current law, prohibit the export of crude oil produced in Canada and transported by the Keystone XL pipeline and related facilities unless the prohibition is waived by the President, and require the use of United States iron, steel, and manufactured goods in the construction of the Keystone XL pipeline and related facilities with certain exceptions.","Amendment Rejected (33-65, 3/5 majority required)",'3/5',0,45,0,2,32,19,0,0,1,1,0,0,33,65,0,2,
34,112,2,,"March 8, 2012,  04:04 PM",On the Amendment S.Amdt. 1537 to S. 1813 (MAP-21),Hoeven Amdt. No. 1537,To approve the Keystone XL pipeline project and provide for environmental protection and government oversight.,"Amendment Rejected (56-42, 3/5 majority required)",'3/5',45,0,0,2,11,40,0,0,0,2,0,0,56,42,0,2,
35,112,2,S. 1813,"March 8, 2012,  04:24 PM",On the Motion (Motion to Waive All Applicable Budgetary Discipline Re: S.1813),Motion to Waive All Applicable Budgetary Discipline Re: S.1813,"A bill to reauthorize Federal-aid highway and highway safety construction programs, and for other purposes.","Motion Agreed to (66-31, 3/5 majority required)",'3/5',14,30,0,3,50,1,0,0,2,0,0,0,66,31,0,3,
36,112,2,,"March 13, 2012,  12:04 PM",On the Amendment S.Amdt. 1756 to S. 1813 (MAP-21),DeMint Amdt. No. 1756,To return to the individual States maximum discretionary authority and fiscal responsibility for all elements of the national surface transportation systems that are not within the direct purview of the Federal Government.,Amendment Rejected (30-67),'1/2',30,15,0,2,0,50,0,1,0,2,0,0,30,67,0,3,
37,112,2,,"March 13, 2012,  12:30 PM",On the Amendment S.Amdt. 1759 to S. 1813 (MAP-21),Bingaman Amdt. No. 1759,To remove privatized highways from consideration in apportioning highway funding among States.,Amendment Agreed to (50-47),'1/2',6,39,0,2,42,8,0,1,2,0,0,0,50,47,0,3,
38,112,2,,"March 13, 2012,  02:21 PM",On the Amendment S.Amdt. 1826 to S. 1813 (MAP-21),Roberts Amdt. No. 1826 As Modified,Of a perfecting nature.,"Amendment Rejected (41-57, 3/5 majority required)",'3/5',38,7,0,2,3,48,0,0,0,2,0,0,41,57,0,2,
39,112,2,,"March 13, 2012,  02:49 PM",On the Amendment S.Amdt. 1812 to S. 1813 (MAP-21),Stabenow Amdt. No. 1812 As Modified,To prevent a tax increase on American businesses and to provide certainty to job creators by extending certain expiring tax credits relating to energy.,"Amendment Rejected (49-49, 3/5 majority required)",'3/5',0,45,0,2,47,4,0,0,2,0,0,0,49,49,0,2,
40,112,2,,"March 13, 2012,  03:09 PM",On the Amendment S.Amdt. 1589 to S. 1813 (MAP-21),DeMint Amdt. No. 1589,To amend the Internal Revenue Code of 1986 to terminate certain energy tax subsidies and lower the corporate income tax rate.,"Amendment Rejected (26-72, 3/5 majority required)",'3/5',26,19,0,2,0,51,0,0,0,2,0,0,26,72,0,2,
41,112,2,,"March 13, 2012,  03:29 PM",On the Amendment S.Amdt. 1782 to S. 1813 (MAP-21),Menendez Amdt. No. 1782,"To amend the Internal Revenue Code of 1986 to modify certain tax credits relating to energy, and for other purposes.","Amendment Rejected (51-47, 3/5 majority required)",'3/5',6,39,0,2,44,7,0,0,1,1,0,0,51,47,0,2,
42,112,2,,"March 13, 2012,  03:48 PM",On the Amendment S.Amdt. 1517 to S. 1813 (MAP-21),Coats Amdt. No. 1517,To modify the apportionment formula to ensure that the percentage of apportioned funds received by a State is the same as the percentage of total gas taxes paid by the State.,Amendment Rejected (28-70),'1/2',24,21,0,2,4,47,0,0,0,2,0,0,28,70,0,2,
43,112,2,,"March 13, 2012,  04:24 PM",On the Amendment S.Amdt. 1736 to S. 1813 (MAP-21),Portman Amdt. No. 1736,To free States to spend gas taxes on their transportation priorities.,Amendment Rejected (30-68),'1/2',30,15,0,2,0,51,0,0,0,2,0,0,30,68,0,2,
44,112,2,,"March 13, 2012,  04:44 PM","On the Motion (Motion to Waive All Applicable Budgetary Provisions Re: Corker Amdt. No. 1785, As Modified)","Motion to Waive All Applicable Budgetary Provisions Re: Corker Amdt. No. 1785, As Modified","To lower the FY13 discretionary budget authority cap as set in the Balanced Budget and Emergency Deficit Control Act of 1985 by $11,000,000,000 in order to offset the general fund transfers to the Highway Trust Fund.","Motion Rejected (40-58, 3/5 majority required)",'3/5',40,5,0,2,0,51,0,0,0,2,0,0,40,58,0,2,
45,112,2,,"March 13, 2012,  05:08 PM",On the Amendment S.Amdt. 1742 to S. 1813 (MAP-21),Portman Amdt. No. 1742,To allow States to permit nonhighway uses in rest areas along any highway.,Amendment Rejected (12-86),'1/2',9,36,0,2,2,49,0,0,1,1,0,0,12,86,0,2,
46,112,2,,"March 14, 2012,  11:38 AM",On the Amendment S.Amdt. 1816 to S.Amdt. 1761 to S. 1813 (MAP-21),Boxer Amdt. No. 1816,"To express the sense of the Senate that Federal agencies should ensure that all applicable environmental reviews, approvals, licensing, and permit requirements under Federal law are completed on an expeditious basis after a disaster or emergency.",Amendment Agreed to (76-20),'1/2',24,20,0,3,50,0,0,1,2,0,0,0,76,20,0,4,
47,112,2,,"March 14, 2012,  12:10 PM",On the Motion (Motion to Waive All Applicable Budgetary Disciple Re: Paul Amdt. No. 1556),Motion to Waive All Applicable Budgetary Disciple Re: Paul Amdt. No. 1556,To permit emergency exemptions from compliance with certain laws for highway construction projects.,"Motion Rejected (42-54, 3/5 majority required)",'3/5',41,3,0,3,1,49,0,1,0,2,0,0,42,54,0,4,
48,112,2,S. 1813,"March 14, 2012,  12:38 PM",On Passage of the Bill S. 1813,S. 1813 As Amended,"A bill to reauthorize Federal-aid highway and highway safety construction programs, and for other purposes.",Bill Passed (74-22),'1/2',22,22,0,3,50,0,0,1,2,0,0,0,74,22,0,4,
49,112,2,PN566,"March 15, 2012,  02:02 PM",On the Nomination PN566,"Confirmation Gina Marie Groh, of West Virginia, to be U.S. District Judge","Gina Marie Groh, of West Virginia, to be United States District Judge for the Northern District of West Virginia",Nomination Confirmed (95-2),'1/2',42,2,0,3,51,0,0,0,2,0,0,0,95,2,0,3,
50,112,2,PN786,"March 15, 2012,  02:23 PM",On the Nomination PN786,"Confirmation Michael Walter Fitzgerald, of California, to be U.S. District Judge","Michael Walter Fitzgerald, of California, to be United States District Judge for the Central District of California",Nomination Confirmed (91-6),'1/2',38,6,0,3,51,0,0,0,2,0,0,0,91,6,0,3,
51,112,2,,"March 20, 2012,  04:06 PM",On the Cloture Motion S.Amdt. 1833 to H.R. 3606 (Reopening American Capital Markets to Emerging Growth Companies Act of 2011),Motion to Invoke Cloture on the Reed Amdt. No. 1833,In the nature of a substitute.,"Cloture Motion Rejected (54-45, 3/5 majority required)",'3/5',1,45,0,1,51,0,0,0,2,0,0,0,54,45,0,1,
52,112,2,,"March 20, 2012,  04:41 PM",On the Cloture Motion S.Amdt. 1836 to H.R. 3606 (Reopening American Capital Markets to Emerging Growth Companies Act of 2011),Motion to Invoke Cloture on the Cantwell Amdt. No. 1836,To reauthorize the Export-Import Bank of the United States.,"Cloture Motion Rejected (55-44, 3/5 majority required)",'3/5',3,43,0,1,51,0,0,0,1,1,0,0,55,44,0,1,
53,112,2,H.R. 3606,"March 21, 2012,  10:44 AM",On the Cloture Motion H.R. 3606,Motion to Invoke Cloture on H.R. 3606,A bill to increase American job creation and economic growth by improving access to the public capital markets for emerging growth companies.,"Cloture Motion Agreed to (76-22, 3/5 majority required)",'3/5',45,0,0,2,30,21,0,0,1,1,0,0,76,22,0,2,
54,112,2,,"March 22, 2012,  12:33 PM",On the Amendment S.Amdt. 1884 to H.R. 3606 (Reopening American Capital Markets to Emerging Growth Companies Act of 2011),Merkley Amdt. No. 1884,"To amend the securities laws to provide for registration exemptions for certain crowdfunded securities, and for other purposes.",Amendment Agreed to (64-35),'1/2',12,34,0,1,50,1,0,0,2,0,0,0,64,35,0,1,
55,112,2,H.R. 3606,"March 22, 2012,  12:59 PM",On Passage of the Bill H.R. 3606,H.R. 3606 As Amended,A bill to increase American job creation and economic growth by improving access to the public capital markets for emerging growth companies.,Bill Passed (73-26),'1/2',46,0,0,1,26,25,0,0,1,1,0,0,73,26,0,1,
56,112,2,S. 2038,"March 22, 2012,  01:23 PM",On the Cloture Motion S. 2038,Motion to Invoke Cloture on the Motion to Concur in the House Amendment to S.2038,"An original bill to prohibit Members of Congress and employees of Congress from using nonpublic information derived from their official positions for personal benefit, and for other purposes.","Cloture Motion Agreed to (96-3, 3/5 majority required)",'3/5',43,3,0,1,51,0,0,0,2,0,0,0,96,3,0,1,
57,112,2,PN735,"March 22, 2012,  01:45 PM",On the Nomination PN735,"Confirmation David Nuffer, of Utah, to be United States District Judge for the District of Utah","David Nuffer, of Utah, to be United States District Judge for the District of Utah",Nomination Confirmed (96-2),'1/2',43,2,0,2,51,0,0,0,2,0,0,0,96,2,0,2,
58,112,2,PN857,"March 22, 2012,  02:03 PM",On the Nomination PN857,"Confirmation Ronnie Abrams, of New York, to be U.S. District Judge for the Southern District of New York","Ronnie Abrams, of New York, to be United States District Judge for the Southern District of New York",Nomination Confirmed (96-2),'1/2',43,2,0,2,51,0,0,0,2,0,0,0,96,2,0,2,
59,112,2,S. 2204,"March 26, 2012,  05:31 PM",On the Cloture Motion S. 2204,Motion to Invoke Cloture on the Motion to Proceed to Consider S.2204,A bill to eliminate unnecessary tax subsidies and promote renewable energy and energy conservation.,"Cloture Motion Agreed to (92-4, 3/5 majority required)",'3/5',43,1,0,3,47,3,0,1,2,0,0,0,92,4,0,4,
60,112,2,S. 1789,"March 27, 2012,  03:47 PM",On the Cloture Motion S. 1789,Motion to Invoke Cloture on the Motion to Proceed to Consider S.1789,"A bill to improve, sustain, and transform the United States Postal Service.","Cloture Motion Rejected (51-46, 3/5 majority required)",'3/5',5,39,0,3,44,7,0,0,2,0,0,0,51,46,0,3,
61,112,2,PN865,"March 28, 2012,  05:33 PM",On the Nomination PN865,"Confirmation Miranda Du, of Nevada, to be U.S. District Judge","Miranda Du, of Nevada, to be United States District Judge for the District of Nevada",Nomination Confirmed (59-39),'1/2',6,39,0,2,51,0,0,0,2,0,0,0,59,39,0,2,
62,112,2,PN633,"March 28, 2012,  05:58 PM",On the Nomination PN633,"Confirmation Susie Morgan, of Louisiana, to be U.S. District Judge","Susie Morgan, of Louisiana, to be United States District Judge for the Eastern District of Louisiana",Nomination Confirmed (96-1),'1/2',43,1,0,3,51,0,0,0,2,0,0,0,96,1,0,3,
63,112,2,S. 2204,"March 29, 2012,  11:16 AM",On the Cloture Motion S. 2204,Motion to Invoke Cloture on S.2204,A bill to eliminate unnecessary tax subsidies and promote renewable energy and energy conservation.,"Cloture Motion Rejected (51-47, 3/5 majority required)",'3/5',2,43,0,2,47,4,0,0,2,0,0,0,51,47,0,2,
64,112,2,PN919,"April 16, 2012,  05:32 PM",On the Nomination PN919,"Confirmation Stephanie Dawn Thacker, of West Virginia, to be U.S. Circuit Judge for the Fourth Circuit","Stephanie Dawn Thacker, of West Virginia, to be United States Circuit Judge for the Fourth Circuit",Nomination Confirmed (91-3),'1/2',41,3,0,3,49,0,0,2,1,0,0,1,91,3,0,6,
65,112,2,S. 2230,"April 16, 2012,  06:05 PM",On Cloture on the Motion to Proceed S. 2230,Motion to Invoke Cloture on the Motion to Proceed to Consider S. 2230,A bill to reduce the deficit by imposing a minimum effective tax rate for high-income taxpayers.,"Cloture on the Motion to Proceed Rejected (51-45, 3/5 majority required)",'3/5',1,44,0,2,49,1,0,1,1,0,0,1,51,45,0,4,
66,112,2,S. 1789,"April 17, 2012,  11:17 AM",On Cloture on the Motion to Proceed S. 1789,Upon Reconsideration Motion to Invoke Cloture on the Motion to Proceed to Consider S. 1789,"A bill to improve, sustain, and transform the United States Postal Service.","Cloture on the Motion to Proceed Agreed to (74-22, 3/5 majority required)",'3/5',27,18,0,2,45,4,0,2,2,0,0,0,74,22,0,4,
67,112,2,PN986,"April 23, 2012,  05:31 PM",On the Nomination PN986,"Confirmation Brian C. Wimes, of Missouri, to be U.S. District Judge for the Eastern and Western Districts of Missouri","Brian C. Wimes, of Missouri, to be United States District Judge for the Eastern and Western Districts of Missouri",Nomination Confirmed (92-1),'1/2',41,1,0,5,49,0,0,2,2,0,0,0,92,1,0,7,
68,112,2,S.J.Res. 36,"April 24, 2012,  02:16 PM",On the Motion to Proceed S.J.Res. 36,Motion to Proceed to Consider S. J. Res. 36,"A joint resolution providing for congressional disapproval under chapter 8 of title 5, United States Code, of the rule submitted by the National Labor Relations Board relating to representation election procedures.",Motion to Proceed Rejected (45-54),'1/2',45,1,0,1,0,51,0,0,0,2,0,0,45,54,0,1,
69,112,2,,"April 24, 2012,  03:07 PM",On the Motion (Motion to Waive All Applicable Budgetary Discipline Re: Amdt. No. 2000 As Modified),Motion to Waive All Applicable Budgetary Discipline Re: Amdt. No. 2000 As Modified,In the nature of a substitute.,"Motion Agreed to (62-37, 3/5 majority required)",'3/5',9,37,0,1,51,0,0,0,2,0,0,0,62,37,0,1,
70,112,2,,"April 24, 2012,  03:38 PM",On the Amendment S.Amdt. 2033 to S.Amdt. 2000 to S. 1789 (21st Century Postal Service Act of 2012),McCain Amdt. No. 2033,To establish the Commission on Postal Reorganization.,"Amendment Rejected (30-69, 3/5 majority required)",'3/5',30,16,0,1,0,51,0,0,0,2,0,0,30,69,0,1,
71,112,2,,"April 24, 2012,  04:08 PM",On the Amendment S.Amdt. 2061 to S.Amdt. 2000 to S. 1789 (21st Century Postal Service Act of 2012),Coburn Amdt. No. 2061 As Modified,To achieve long-term cost-savings by allowing the Postmaster General to reduce the postal workforce through mandatory retirements for eligible employees.,"Amendment Rejected (33-65, 3/5 majority required)",'3/5',33,12,0,2,0,51,0,0,0,2,0,0,33,65,0,2,
72,112,2,,"April 24, 2012,  04:38 PM",On the Amendment S.Amdt. 2043 to S.Amdt. 2000 to S. 1789 (21st Century Postal Service Act of 2012),Udall (NM) Amdt. No. 2043,"To strike the limitations on changes to mail delivery schedule, with an offset.","Amendment Rejected (43-56, 3/5 majority required)",'3/5',1,45,0,1,41,10,0,0,1,1,0,0,43,56,0,1,
73,112,2,,"April 24, 2012,  05:03 PM",On the Amendment S.Amdt. 2034 to S.Amdt. 2000 to S. 1789 (21st Century Postal Service Act of 2012),Akaka Amdt. No. 2034,To provide appropriate workers compensation for Federal employees.,"Amendment Rejected (46-53, 3/5 majority required)",'3/5',1,45,0,1,44,7,0,0,1,1,0,0,46,53,0,1,
74,112,2,,"April 24, 2012,  05:27 PM",On the Amendment S.Amdt. 2083 to S.Amdt. 2000 to S. 1789 (21st Century Postal Service Act of 2012),Corker Amdt. No. 2083,To improve the bill.,"Amendment Rejected (29-70, 3/5 majority required)",'3/5',29,17,0,1,0,51,0,0,0,2,0,0,29,70,0,1,
75,112,2,,"April 24, 2012,  05:50 PM",On the Amendment S.Amdt. 2049 to S.Amdt. 2000 to S. 1789 (21st Century Postal Service Act of 2012),Akaka Amdt. No. 2049,"To allow supervisory and other managerial organizations to participate in the planning and development of changes in, or termination of, pay policies and schedules and fringe benefit programs.","Amendment Rejected (57-42, 3/5 majority required)",'3/5',4,42,0,1,51,0,0,0,2,0,0,0,57,42,0,1,
76,112,2,,"April 24, 2012,  06:09 PM",On the Amendment S.Amdt. 2025 to S.Amdt. 2000 to S. 1789 (21st Century Postal Service Act of 2012),Paul Amdt. No. 2025,To end the mailbox use monopoly.,"Amendment Rejected (35-64, 3/5 majority required)",'3/5',35,11,0,1,0,51,0,0,0,2,0,0,35,64,0,1,
77,112,2,,"April 25, 2012,  02:12 PM",On the Amendment S.Amdt. 2079 to S.Amdt. 2000 to S. 1789 (21st Century Postal Service Act of 2012),Manchin Amdt. No. 2079,"To extend the moratorium on the closing and consolidation of postal facilities or post offices, stations, or branches.","Amendment Rejected (43-53, 3/5 majority required)",'3/5',4,40,0,3,38,12,0,1,1,1,0,0,43,53,0,4,
78,112,2,,"April 25, 2012,  02:46 PM",On the Amendment S.Amdt. 2028 to S.Amdt. 2000 to S. 1789 (21st Century Postal Service Act of 2012),Paul Amdt. No. 2028,To establish a pilot program to test alternative methods for the delivery of postal services.,"Amendment Rejected (35-64, 3/5 majority required)",'3/5',35,11,0,1,0,51,0,0,0,2,0,0,35,64,0,1,
79,112,2,,"April 25, 2012,  03:08 PM",On the Amendment S.Amdt. 2039 to S.Amdt. 2000 to S. 1789 (21st Century Postal Service Act of 2012),Paul Amdt. No. 2039,To prohibit employees of the United States Postal Service from engaging in collective bargaining.,"Amendment Rejected (23-76, 3/5 majority required)",'3/5',23,23,0,1,0,51,0,0,0,2,0,0,23,76,0,1,
80,112,2,,"April 25, 2012,  03:27 PM",On the Amendment S.Amdt. 2042 to S.Amdt. 2000 to S. 1789 (21st Century Postal Service Act of 2012),Casey Amdt. No. 2042,To maintain current delivery time for market-dominant products.,"Amendment Rejected (44-54, 3/5 majority required)",'3/5',2,44,0,1,41,9,0,1,1,1,0,0,44,54,0,2,
81,112,2,,"April 25, 2012,  03:52 PM",On the Amendment S.Amdt. 2046 to S.Amdt. 2000 to S. 1789 (21st Century Postal Service Act of 2012),DeMint Amdt. No. 2046,To provide protections for postal workers with respect to their right not to subsidize union nonrepresentational activities.,"Amendment Rejected (46-53, 3/5 majority required)",'3/5',46,0,0,1,0,51,0,0,0,2,0,0,46,53,0,1,
82,112,2,S. 1789,"April 25, 2012,  04:29 PM",On Passage of the Bill S. 1789,S. 1789 as Amended,"A bill to improve, sustain, and transform the United States Postal Service.","Bill Passed (62-37, 3/5 majority required)",'3/5',13,33,0,1,47,4,0,0,2,0,0,0,62,37,0,1,
83,112,2,PN920,"April 26, 2012,  12:00 PM",On the Nomination PN920,"Confirmation Gregg Jeffrey Costa, of Texas, to be U.S. District Judge for the Southern District of Texas","Gregg Jeffrey Costa, of Texas, to be United States District Judge for the Southern District of Texas",Nomination Confirmed (97-2),'1/2',44,2,0,1,51,0,0,0,2,0,0,0,97,2,0,1,
84,112,2,,"April 26, 2012,  03:28 PM",On the Amendment S.Amdt. 2094 to S.Amdt. 2093 to S. 1925 (Violence Against Women Reauthorization Act of 2011),Klobuchar Amdt. No. 2094,To provide Debbie Smith grants for auditing sexual assault evidence backlogs.,"Amendment Rejected (57-41, 3/5 majority required)",'3/5',5,41,0,1,50,0,0,1,2,0,0,0,57,41,0,2,
85,112,2,,"April 26, 2012,  03:56 PM",On the Amendment S.Amdt. 2086 to S.Amdt. 2093 to S. 1925 (Violence Against Women Reauthorization Act of 2011),Cornyn Amdt. No. 2086,To amend title 18 of the United States Code and other provisions of law to strengthen provisions of the Violence Against Women Act and improve justice for crime victims.,"Amendment Rejected (50-48, 3/5 majority required)",'3/5',46,0,0,1,3,47,0,1,1,1,0,0,50,48,0,2,
86,112,2,,"April 26, 2012,  04:16 PM",On the Amendment S.Amdt. 2095 to S.Amdt. 2093 to S. 1925 (Violence Against Women Reauthorization Act of 2011),Hutchison Amdt. No. 2095,In the nature of a substitute.,"Amendment Rejected (37-62, 3/5 majority required)",'3/5',37,9,0,1,0,51,0,0,0,2,0,0,37,62,0,1,
87,112,2,S. 1925,"April 26, 2012,  04:34 PM",On Passage of the Bill S. 1925,S. 1925 as Amended,A bill to reauthorize the Violence Against Women Act of 1994.,Bill Passed (68-31),'1/2',15,31,0,1,51,0,0,0,2,0,0,0,68,31,0,1,
88,112,2,PN985,"May 7, 2012,  05:31 PM",On the Nomination PN985,"Confirmation Jacqueline H. Nguyen, of California, to be U.S. Circuit Judge for the Ninth Circuit","Jacqueline H. Nguyen, of California, to be United States Circuit Judge for the Ninth Circuit",Nomination Confirmed (91-3),'1/2',39,3,0,5,50,0,0,1,2,0,0,0,91,3,0,6,
89,112,2,S. 2343,"May 8, 2012,  12:01 PM",On Cloture on the Motion to Proceed S. 2343,Motion to Invoke Cloture on the Motion to Proceed to Consider S. 2343,"A bill to amend the Higher Education Act of 1965 to extend the reduced interest rate for Federal Direct Stafford Loans, and for other purposes.","Cloture on the Motion to Proceed Rejected (52-45, 3/5 majority required)",'3/5',0,44,0,3,50,1,0,0,2,0,0,0,52,45,1,2,
90,112,2,PN1118,"May 14, 2012,  05:30 PM",On the Nomination PN1118,"Confirmation John J. Tharp, Jr., of Illinois, to be United States District Judge for the Northern District of Illinois","John J. Tharp, Jr., of Illinois, to be United States District Judge for the Northern District of Illinois",Nomination Confirmed (86-1),'1/2',36,1,0,10,48,0,0,3,2,0,0,0,86,1,0,13,
91,112,2,,"May 15, 2012,  02:43 PM",On the Amendment S.Amdt. 2100 to H.R. 2072 (Export-Import Bank Reauthorization Act of 2012),Lee Amdt. No. 2100,To phase out the authority of the Export-Import Bank of the United States and to require the President to initiate negotiations with other major exporting countries to end subsidized export financing programs.,"Amendment Rejected (12-86, 3/5 majority required)",'3/5',12,34,0,1,0,50,0,1,0,2,0,0,12,86,0,2,
92,112,2,,"May 15, 2012,  03:13 PM",On the Amendment S.Amdt. 2101 to H.R. 2072 (Export-Import Bank Reauthorization Act of 2012),Paul Amdt. No. 2101,To prohibit the Export-Import Bank of the United States from providing financing to a person or for a project in a country the government or central bank of which holds debt instruments of the United States.,"Amendment Rejected (9-89, 3/5 majority required)",'3/5',9,37,0,1,0,50,0,1,0,2,0,0,9,89,0,2,
93,112,2,,"May 15, 2012,  03:34 PM",On the Amendment S.Amdt. 2102 to H.R. 2072 (Export-Import Bank Reauthorization Act of 2012),Corker Amdt. No. 2102,To require the Export-Import Bank of the United States to provide financing only for transactions subsidized by export credit agencies of other countries or for which private sector financing is unavailable or prohibitively expensive and to require the Bank to maintain a ratio of capital to the outstanding principal balance of loans and loan guarantees of not less than 10 percent.,"Amendment Rejected (36-62, 3/5 majority required)",'3/5',36,10,0,1,0,50,0,1,0,2,0,0,36,62,0,2,
94,112,2,,"May 15, 2012,  03:54 PM",On the Amendment S.Amdt. 2103 to H.R. 2072 (Export-Import Bank Reauthorization Act of 2012),Vitter Amdt. No. 2103,"To clarify the requirement that the Export-Import Bank of the United States not make or guarantee loans that are subordinate to other loans, to restrict financing of certain fossil fuel projects in foreign countries, and to prohibit financing of renewable energy products manufactured in foreign countries.","Amendment Rejected (37-61, 3/5 majority required)",'3/5',37,9,0,1,0,50,0,1,0,2,0,0,37,61,0,2,
95,112,2,,"May 15, 2012,  04:14 PM",On the Amendment S.Amdt. 2104 to H.R. 2072 (Export-Import Bank Reauthorization Act of 2012),Toomey Amdt. No. 2104,"To prohibit an increase in the lending authority of the Export-Import Bank of the United States to more than $100,000,000,000 until the Secretary of the Treasury certifies that the Secretary has initiated international negotiations to eliminate export financing programs and to prohibit an increase in that lending authority to more than $120,000,000,000 until a multilateral agreement to eliminate export financing programs has been completed.","Amendment Rejected (35-63, 3/5 majority required)",'3/5',35,11,0,1,0,50,0,1,0,2,0,0,35,63,0,2,
96,112,2,H.R. 2072,"May 15, 2012,  04:38 PM",On Passage of the Bill H.R. 2072,H.R. 2072,"A bill to reauthorize the Export-Import Bank of the United States, and for other purposes.","Bill Passed (78-20, 3/5 majority required)",'3/5',27,19,0,1,50,0,0,1,1,1,0,0,78,20,0,2,
97,112,2,S.Con.Res. 41,"May 16, 2012,  03:55 PM",On the Motion to Proceed S.Con.Res. 41,Motion to Proceed to Consider S. Con. Res. 41,"A concurrent resolution setting forth the President's budget request for the United States Government for fiscal year 2013, and setting forth the appropriate budgetary levels for fiscal years 2014 through 2022.",Motion to Proceed Rejected (0-99),'1/2',0,46,0,1,0,51,0,0,0,2,0,0,0,99,0,1,
98,112,2,H.Con.Res. 112,"May 16, 2012,  04:22 PM",On the Motion to Proceed H.Con.Res. 112,Motion to Proceed to Consider H.Con.Res. 112,A concurrent resolution establishing the budget for the United States Government for fiscal year 2013 and setting forth appropriate budgetary levels for fiscal years 2014 through 2022.,Motion to Proceed Rejected (41-58),'1/2',41,5,0,1,0,51,0,0,0,2,0,0,41,58,0,1,
99,112,2,S.Con.Res. 37,"May 16, 2012,  04:41 PM",On the Motion to Proceed S.Con.Res. 37,Motion to Proceed to Consider S.Con.Res. 37,"A concurrent resolution setting forth the congressional budget for the United States Government for fiscal year 2013, and setting forth the appropriate budgetary levels for fiscal years 2014 through 2022.",Motion to Proceed Rejected (42-57),'1/2',42,4,0,1,0,51,0,0,0,2,0,0,42,57,0,1,
100,112,2,S.Con.Res. 42,"May 16, 2012,  05:01 PM",On the Motion to Proceed S.Con.Res. 42,Motion to Proceed to Consider S.Con.Res. 42,"A concurrent resolution setting forth the congressional budget for the United States Government for fiscal year 2013, revising the appropriate budgetary levels for fiscal year 2012, and setting forth the appropriate budgetary levels for fiscal years 2013 through 2022.",Motion to Proceed Rejected (16-83),'1/2',16,30,0,1,0,51,0,0,0,2,0,0,16,83,0,1,
101,112,2,S.Con.Res. 44,"May 16, 2012,  05:25 PM",On the Motion to Proceed S.Con.Res. 44,Motion to Proceed to Consider S.Con.Res. 44,A concurrent resolution setting forth the congressional budget for the United States Government for fiscal year 2013 and setting forth the appropriate budgetary levels for fiscal years 2014 through 2022.,Motion to Proceed Rejected (17-82),'1/2',17,29,0,1,0,51,0,0,0,2,0,0,17,82,0,1,
102,112,2,PN1225,"May 17, 2012,  12:01 PM",On the Nomination PN1225,"Jeremy C. Stein, of MA, to be a Member of the Board of Governors of the Federal Reserve System","Jeremy C. Stein, of Massachusetts, to be a Member of the Board of Governors of the Federal Reserve System for the unexpired term of fourteen years from February 1, 2004","Nomination Confirmed (70-24, 3/5 majority required)",'3/5',21,24,0,2,47,0,0,4,2,0,0,0,70,24,0,6,
103,112,2,PN1226,"May 17, 2012,  12:28 PM",On the Nomination PN1226,"Jerome H. Powell, of Maryland, to be a Member of the Board of Governors of the Federal Reserve System","Jerome H. Powell, of Maryland, to be a Member of the Board of Governors of the Federal Reserve System for the unexpired term of fourteen years from February 1, 2000","Nomination Confirmed (74-21, 3/5 majority required)",'3/5',25,20,0,2,48,0,0,3,1,1,0,0,74,21,0,5,
104,112,2,PN1049,"May 21, 2012,  05:27 PM",On the Nomination PN1049,"Confirmation Paul J. Watford, of California, to be United States Circuit Judge for the Ninth Circuit","Paul J. Watford, of California, to be United States Circuit Judge for the Ninth Circuit",Nomination Confirmed (61-34),'1/2',9,34,0,4,50,0,0,1,2,0,0,0,61,34,0,5,
105,112,2,,"May 24, 2012,  12:08 PM",On the Amendment S.Amdt. 2111 to S. 3187 (No short title on file),Bingaman Amdt. No. 2111,"To provide substantial savings in health care costs to the Federal government and consumers by fostering competition among generic pharmaceutical manufacturers and ensuring that anti-competitive ""pay-for-delay"" settlements between brand-name and generic pharmaceutical manufacturers do not block generic drugs from entering the market.","Amendment Rejected (28-67, 3/5 majority required)",'3/5',3,41,0,3,24,25,0,2,1,1,0,0,28,67,0,5,
106,112,2,,"May 24, 2012,  12:37 PM",On the Amendment S.Amdt. 2108 to S. 3187 (No short title on file),Murkowski Amdt. No. 2108,To prohibit approval by the Food and Drug Administration of genetically engineered fish unless the National Oceanic and Atmospheric Administration concurs with such approval.,"Amendment Rejected (46-50, 3/5 majority required)",'3/5',9,35,0,3,35,15,0,1,2,0,0,0,46,50,0,4,
107,112,2,,"May 24, 2012,  01:58 PM",On the Motion to Table S.Amdt. 2143 to S. 3187 (No short title on file),Motion to Table Paul Amdt. No. 2143,"To amend the Federal Food, Drug, and Cosmetic Act concerning claims about the effects of foods and dietary supplements on health-related conditions and disease, to prohibit employees of the Food and Drug Administration from carrying firearms and making arrests without warrants, and to adjust the mens rea of certain prohibited acts under the Federal Food, Drug, and Cosmetic Act to knowing and willful.",Motion to Table Agreed to (78-15),'1/2',29,15,0,3,47,0,0,4,2,0,0,0,78,15,0,7,
108,112,2,,"May 24, 2012,  02:19 PM",On the Amendment S.Amdt. 2107 to S. 3187 (No short title on file),McCain Amdt. No. 2107,To allow the importation by individuals of safe and affordable drugs from Canada.,"Amendment Rejected (43-54, 3/5 majority required)",'3/5',16,29,0,2,26,24,0,1,1,1,0,0,43,54,0,3,
109,112,2,,"May 24, 2012,  02:38 PM",On the Amendment S.Amdt. 2109 to S. 3187 (No short title on file),Sanders Amdt. No. 2109,"To revoke the exclusivity of certain entities that are responsible for violations of the Federal Food, Drug, and Cosmetic Act, the False Claims Act, and other certain laws.","Amendment Rejected (9-88, 3/5 majority required)",'3/5',1,44,0,2,7,43,0,1,1,1,0,0,9,88,0,3,
110,112,2,,"May 24, 2012,  02:57 PM",On the Motion to Table S.Amdt. 2127 to S. 3187 (No short title on file),Motion to Table Durbin Amdt. No. 2127,To require manufacturers of dietary supplements to register dietary supplement products with the Food and Drug Administration.,Motion to Table Agreed to (77-20),'1/2',45,0,0,2,31,19,0,1,1,1,0,0,77,20,0,3,
111,112,2,S. 3187,"May 24, 2012,  03:15 PM",On Passage of the Bill S. 3187,S. 3187 As Amended,"A bill to amend the Federal Food, Drug, and Cosmetic Act to revise and extend the user-fee programs for prescription drugs and medical devices, to establish user-fee programs for generic drugs and biosimilars, and for other purposes.",Bill Passed (96-1),'1/2',45,0,0,2,50,0,0,1,1,1,0,0,96,1,0,3,
112,112,2,,"May 24, 2012,  03:46 PM",On the Amendment S.Amdt. 2153 to S. 2343 (Stop the Student Loan Interest Rate Hike Act of2012),Alexander Amdt. No. 2153,In the nature of a substitute.,"Amendment Rejected (34-62, 3/5 majority required)",'3/5',34,10,0,3,0,50,0,1,0,2,0,0,34,62,1,3,
113,112,2,S. 2343,"May 24, 2012,  04:02 PM",On Passage of the Bill S. 2343,S. 2343,"A bill to amend the Higher Education Act of 1965 to extend the reduced interest rate for Federal Direct Stafford Loans, and for other purposes.","Bill Defeated (51-43, 3/5 majority required)",'3/5',0,42,0,5,49,1,0,1,2,0,0,0,51,43,1,5,
114,112,2,PN1131,"June 4, 2012,  05:33 PM",On the Nomination PN1131,"Confirmation Timothy S. Hillman, of Massachusetts, to be U.S. District Judge","Timothy S. Hillman, of Massachusetts, to be United States District Judge for the District of Massachusetts",Nomination Confirmed (88-1),'1/2',38,1,0,8,48,0,0,3,2,0,0,0,88,1,0,11,
115,112,2,S. 3220,"June 5, 2012,  02:28 PM",On Cloture on the Motion to Proceed S. 3220,Motion to Invoke Cloture on the Motion to Proceed to Consider S. 3220,"A bill to amend the Fair Labor Standards Act of 1938 to provide more effective remedies to victims of discrimination in the payment of wages on the basis of sex, and for other purposes.","Cloture on the Motion to Proceed Rejected (52-47, 3/5 majority required)",'3/5',0,46,0,1,50,1,0,0,2,0,0,0,52,47,0,1,
116,112,2,PN525,"June 6, 2012,  05:13 PM",On the Nomination PN525,"Confirmation Jeffrey J. Helmick, of Ohio, to be U.S. District Judge","Jeffrey J. Helmick, of Ohio, to be United States District Judge for the Northern District of Ohio",Nomination Confirmed (62-36),'1/2',9,36,0,2,51,0,0,0,2,0,0,0,62,36,0,2,
117,112,2,S. 3240,"June 7, 2012,  10:31 AM",On Cloture on the Motion to Proceed S. 3240,Motion to Invoke Cloture on the Motion to Proceed to S. 3240,"An original bill to reauthorize agricultural programs through 2017, and for other purposes.","Cloture on the Motion to Proceed Agreed to (90-8, 3/5 majority required)",'3/5',37,8,0,2,51,0,0,0,2,0,0,0,90,8,0,2,
118,112,2,PN1104,"June 11, 2012,  05:31 PM",On the Cloture Motion PN1104,"Motion to Invoke Cloture Andrew David Hurwitz, of Arizona, to be U.S. Circuit Judge for the Ninth Circuit","Andrew David Hurwitz, of Arizona, to be United States Circuit Judge for the Ninth Circuit","Cloture Motion Agreed to (60-31, 3/5 majority required)",'3/5',8,30,0,9,50,1,0,0,2,0,0,0,60,31,0,9,
119,112,2,,"June 13, 2012,  12:02 PM",On the Motion to Table S.Amdt. 2393 to S.Amdt. 2392 to S.Amdt. 2391 to S. 3240,Motion to Table Amdt. No. 2393,To phase out the Federal sugar program.,Motion to Table Agreed to (50-46),'1/2',16,30,0,1,32,16,0,3,2,0,0,0,50,46,0,4,
120,112,2,,"June 13, 2012,  12:36 PM","On the Motion to Table S.Amdt. 2392 to S.Amdt. 2391 to S. 3240 (Agriculture Reform, Food, and Jobs Act of 2012)",Motion to Table Amdt. No. 2392,"To empower States with programmatic flexibility and predictability to administer a supplemental nutrition assistance block grant program under which, at the request of a State agency, eligible households within the State may receive an adequate, or more nutritious, diet.",Motion to Table Agreed to (65-33),'1/2',13,33,0,1,50,0,0,1,2,0,0,0,65,33,0,2,
121,112,2,PN267,"June 14, 2012,  12:31 PM",On the Cloture Motion PN267,"Upon Reconsideration, Motion to Invoke cloture on the Nomination of Mari Carmen Aponte to be Ambassador to the Republic of El Salvador","Mari Carmen Aponte, of the District of Columbia, to be Ambassador to the Republic of El Salvador","Cloture Motion Agreed to (62-37, 3/5 majority required)",'3/5',9,37,0,1,51,0,0,0,2,0,0,0,62,37,0,1,
122,112,2,PN349,"June 18, 2012,  05:31 PM",On the Nomination PN349,"Confirmation Mary Geiger Lewis, of South Carolina, to be U.S. District Judge for the District of South Carolina","Mary Geiger Lewis, of South Carolina, to be United States District Judge for the District of South Carolina",Nomination Confirmed (64-27),'1/2',14,27,0,6,48,0,0,3,2,0,0,0,64,27,0,9,
123,112,2,,"June 19, 2012,  02:24 PM","On the Amendment S.Amdt. 2192 to S. 3240 (Agriculture Reform, Food, and Jobs Act of 2012)",Ayotte Amdt. No. 2192,To improve the program of value-added agricultural producer grants.,Amendment Rejected (38-61),'1/2',37,9,0,1,1,50,0,0,0,2,0,0,38,61,0,1,
124,112,2,,"June 19, 2012,  02:53 PM","On the Amendment S.Amdt. 2190 to S. 3240 (Agriculture Reform, Food, and Jobs Act of 2012)",Snowe Amdt. No. 2190 As Modified,To require Federal milk marketing order reform.,Amendment Agreed to (66-33),'1/2',22,24,0,1,42,9,0,0,2,0,0,0,66,33,0,1,
125,112,2,,"June 19, 2012,  03:17 PM","On the Amendment S.Amdt. 2167 to S. 3240 (Agriculture Reform, Food, and Jobs Act of 2012)",Grassley Amdt. No. 2167,To provide payment limitations for marketing loan gains and loan deficiency payments.,Amendment Agreed to (75-24),'1/2',29,17,0,1,45,6,0,0,1,1,0,0,75,24,0,1,
126,112,2,,"June 19, 2012,  03:36 PM","On the Amendment S.Amdt. 2445 to S. 3240 (Agriculture Reform, Food, and Jobs Act of 2012)",Brown (OH) Amdt. No. 2445,To strengthen rural communities and foster the next generation of farmers and ranchers.,Amendment Agreed to (55-44),'1/2',3,43,0,1,50,1,0,0,2,0,0,0,55,44,0,1,
127,112,2,,"June 19, 2012,  03:55 PM","On the Amendment S.Amdt. 2174 to S. 3240 (Agriculture Reform, Food, and Jobs Act of 2012)",Sessions Amdt. No. 2174,To limit categorical eligibility for the supplemental nutrition assistance program to those who receive cash assistance.,Amendment Rejected (43-56),'1/2',42,4,0,1,1,50,0,0,0,2,0,0,43,56,0,1,
128,112,2,,"June 19, 2012,  04:12 PM","On the Amendment S.Amdt. 2370 to S. 3240 (Agriculture Reform, Food, and Jobs Act of 2012)",Cantwell Amdt. No. 2370,To encourage the purchase of pulse crop products for school meals programs.,Amendment Agreed to (58-41),'1/2',6,40,0,1,50,1,0,0,2,0,0,0,58,41,0,1,
129,112,2,,"June 19, 2012,  04:32 PM","On the Amendment S.Amdt. 2172 to S. 3240 (Agriculture Reform, Food, and Jobs Act of 2012)",Sessions Amdt. No. 2172,To end the State bonus payments for administering the supplemental nutrition assistance programs.,Amendment Rejected (41-58),'1/2',41,5,0,1,0,51,0,0,0,2,0,0,41,58,0,1,
130,112,2,,"June 19, 2012,  04:48 PM","On the Amendment S.Amdt. 2238 to S. 3240 (Agriculture Reform, Food, and Jobs Act of 2012)",Casey Amdt. No. 2238,To require more frequent dairy reporting.,Amendment Agreed to (73-26),'1/2',22,24,0,1,49,2,0,0,2,0,0,0,73,26,0,1,
131,112,2,,"June 19, 2012,  05:06 PM","On the Amendment S.Amdt. 2181 to S. 3240 (Agriculture Reform, Food, and Jobs Act of 2012)",Paul Amdt. No. 2181,"To establish an average adjusted gross income limitation of $250,000 for all payments and benefits under the Farm Bill.",Amendment Rejected (15-84),'1/2',14,32,0,1,1,50,0,0,0,2,0,0,15,84,0,1,
132,112,2,,"June 19, 2012,  05:32 PM","On the Amendment S.Amdt. 2191 to S. 3240 (Agriculture Reform, Food, and Jobs Act of 2012)",Alexander Amdt. No. 2191,"To provide that any cooperative organization or other entity that receives a business and industry direct or guaranteed loan for a wind energy project is ineligible for any other Federal benefit, assistance, or incentive for the project.",Amendment Rejected (33-66),'1/2',33,13,0,1,0,51,0,0,0,2,0,0,33,66,0,1,
133,112,2,,"June 19, 2012,  05:56 PM","On the Amendment S.Amdt. 2309 to S. 3240 (Agriculture Reform, Food, and Jobs Act of 2012)",Feinstein Amdt. No. 2309,To require a study into the feasibility of an insurance product that covers food safety recalls.,Amendment Agreed to (76-23),'1/2',23,23,0,1,51,0,0,0,2,0,0,0,76,23,0,1,
134,112,2,,"June 19, 2012,  06:16 PM","On the Amendment S.Amdt. 2217 to S. 3240 (Agriculture Reform, Food, and Jobs Act of 2012)",Toomey Amdt. No. 2217,To eliminate the organic certification cost share assistance program.,Amendment Rejected (42-57),'1/2',41,5,0,1,1,50,0,0,0,2,0,0,42,57,0,1,
135,112,2,,"June 19, 2012,  06:35 PM","On the Amendment S.Amdt. 2156 to S. 3240 (Agriculture Reform, Food, and Jobs Act of 2012)",Gillibrand Amdt. No. 2156 As Modified,"To strike a reduction in the supplemental nutrition assistance program and increase funding for the fresh fruit and vegetable program, with an offset that limits crop insurance reimbursements to providers.",Amendment Rejected (33-66),'1/2',4,42,0,1,27,24,0,0,2,0,0,0,33,66,0,1,
136,112,2,,"June 19, 2012,  06:57 PM","On the Amendment S.Amdt. 2263 to S. 3240 (Agriculture Reform, Food, and Jobs Act of 2012)",DeMint Amdt. No. 2263,To maintain funding at current levels for programs providing access to broadband telecommunications services in rural areas.,Amendment Rejected (45-54),'1/2',45,1,0,1,0,51,0,0,0,2,0,0,45,54,0,1,
137,112,2,,"June 19, 2012,  07:22 PM","On the Amendment S.Amdt. 2268 to S. 3240 (Agriculture Reform, Food, and Jobs Act of 2012)",DeMint Amdt. No. 2268,To prohibit the Secretary from making loan guarantees.,Amendment Rejected (14-84),'1/2',14,32,0,1,0,50,0,1,0,2,0,0,14,84,0,2,
138,112,2,,"June 19, 2012,  07:45 PM","On the Amendment S.Amdt. 2276 to S. 3240 (Agriculture Reform, Food, and Jobs Act of 2012)",DeMint Amdt. No. 2276,To prohibit mandatory or compulsory check off programs.,Amendment Rejected (20-79),'1/2',20,26,0,1,0,51,0,0,0,2,0,0,20,79,0,1,
139,112,2,S.J.Res. 37,"June 20, 2012,  11:31 AM",On the Motion to Proceed S.J.Res. 37,Motion to Proceed to Consider S. J. Res. 37,A joint resolution to disapprove a rule promulgated by the Administrator of the Environmental Protection Agency relating to emission standards for certain steam generating units.,Motion to Proceed Rejected (46-53),'1/2',41,5,0,1,5,46,0,0,0,2,0,0,46,53,0,1,
140,112,2,,"June 20, 2012,  12:03 PM","On the Amendment S.Amdt. 2382 to S. 3240 (Agriculture Reform, Food, and Jobs Act of 2012)",Merkley Amdt. No. 2382,To require the Federal Crop Insurance Corporation to provide crop insurance for organic crops under similar terms and conditions to crop insurance provided for other crops.,Amendment Agreed to (63-36),'1/2',10,36,0,1,51,0,0,0,2,0,0,0,63,36,0,1,
141,112,2,,"June 20, 2012,  12:24 PM","On the Amendment S.Amdt. 2273 to S. 3240 (Agriculture Reform, Food, and Jobs Act of 2012)",DeMint Amdt. No. 2273,To eliminate the authority of the Secretary to increase the amount of grants provided to eligible entities relating to providing access to broadband telecommunications services in rural areas.,Amendment Rejected (44-55),'1/2',43,3,0,1,1,50,0,0,0,2,0,0,44,55,0,1,
142,112,2,,"June 20, 2012,  12:45 PM","On the Amendment S.Amdt. 2289 to S. 3240 (Agriculture Reform, Food, and Jobs Act of 2012)",Coburn Amdt. No. 2289,"To reduce funding for the market access program and to prohibit the use of funds for reality television shows, wine tastings, animal spa products, and cat or dog food.",Amendment Rejected (30-69),'1/2',28,18,0,1,2,49,0,0,0,2,0,0,30,69,0,1,
143,112,2,,"June 20, 2012,  01:04 PM","On the Amendment S.Amdt. 2293 to S. 3240 (Agriculture Reform, Food, and Jobs Act of 2012)",Coburn Amdt. No. 2293,To limit subsidies for millionaires.,Amendment Agreed to (62-37),'1/2',46,0,0,1,15,36,0,0,1,1,0,0,62,37,0,1,
144,112,2,,"June 20, 2012,  01:30 PM","On the Amendment S.Amdt. 2454 to S. 3240 (Agriculture Reform, Food, and Jobs Act of 2012)",Kerry Amdt. No. 2454,To prohibit assistance to North Korea under title II of the Food for Peace Act unless the President issues a national interest waiver.,Amendment Agreed to (59-40),'1/2',7,39,0,1,51,0,0,0,1,1,0,0,59,40,0,1,
145,112,2,,"June 20, 2012,  01:49 PM","On the Amendment S.Amdt. 2354 to S. 3240 (Agriculture Reform, Food, and Jobs Act of 2012)",Kyl Amdt. No. 2354,To prohibit assistance to North Korea under title II of the Food for Peace Act.,Amendment Rejected (43-56),'1/2',42,4,0,1,0,51,0,0,1,1,0,0,43,56,0,1,
146,112,2,,"June 20, 2012,  02:09 PM","On the Amendment S.Amdt. 2295 to S. 3240 (Agriculture Reform, Food, and Jobs Act of 2012)",Udall (CO) Amdt. No. 2295,To increase the amounts authorized to be appropriated for the designation of treatment areas.,Amendment Agreed to (77-22),'1/2',26,20,0,1,49,2,0,0,2,0,0,0,77,22,0,1,
147,112,2,,"June 20, 2012,  02:31 PM","On the Amendment S.Amdt. 2313 to S. 3240 (Agriculture Reform, Food, and Jobs Act of 2012)",Lee Amdt. No. 2313,To repeal the forest legacy program.,Amendment Rejected (21-77),'1/2',21,25,0,1,0,50,0,1,0,2,0,0,21,77,0,2,
148,112,2,,"June 20, 2012,  02:55 PM","On the Amendment S.Amdt. 2314 to S. 3240 (Agriculture Reform, Food, and Jobs Act of 2012)",Lee Amdt. No. 2314,To repeal the conservation stewardship program and the conservation reserve program.,Amendment Rejected (15-84),'1/2',15,31,0,1,0,51,0,0,0,2,0,0,15,84,0,1,
149,112,2,,"June 20, 2012,  03:27 PM","On the Amendment S.Amdt. 2360 to S. 3240 (Agriculture Reform, Food, and Jobs Act of 2012)",Boozman Amdt. No. 2360 As Modified,"To provide for emergency food assistance, and for other purposes.",Amendment Rejected (35-63),'1/2',32,13,0,2,3,48,0,0,0,2,0,0,35,63,1,1,
150,112,2,,"June 20, 2012,  03:46 PM","On the Amendment S.Amdt. 2226 to S. 3240 (Agriculture Reform, Food, and Jobs Act of 2012)",Toomey Amdt. No. 2226,"To eliminate biorefinery, renewable chemical, and biobased product manufacturing assistance.",Amendment Rejected (36-63),'1/2',35,11,0,1,1,50,0,0,0,2,0,0,36,63,0,1,
151,112,2,,"June 20, 2012,  04:08 PM","On the Amendment S.Amdt. 2433 to S. 3240 (Agriculture Reform, Food, and Jobs Act of 2012)",Toomey Amdt. No. 2433,To reform the sugar program.,Amendment Rejected (46-53),'1/2',28,18,0,1,18,33,0,0,0,2,0,0,46,53,0,1,
152,112,2,S. 3240,"June 20, 2012,  04:28 PM",On the Motion to Recommit S. 3240,Lee Motion to Recommit with Instructions,"An original bill to reauthorize agricultural programs through 2017, and for other purposes.",Motion to Recommit Rejected (29-70),'1/2',29,17,0,1,0,51,0,0,0,2,0,0,29,70,0,1,
153,112,2,S. 3240,"June 20, 2012,  04:52 PM",On the Motion (Johnson (WI) Motion to Recommit with Instructions),Johnson (WI) Motion to Recommit with Instructions,"An original bill to reauthorize agricultural programs through 2017, and for other purposes.",Motion Rejected (40-59),'1/2',40,6,0,1,0,51,0,0,0,2,0,0,40,59,0,1,
154,112,2,,"June 20, 2012,  05:14 PM","On the Amendment S.Amdt. 2363 to S. 3240 (Agriculture Reform, Food, and Jobs Act of 2012)",Vitter Amdt. No. 2363 As Modified,"To ensure that extras in film and television who bring personal, common domesticated household pets do not face unnecessary regulations and to prohibit attendance at an animal fighting venture.","Amendment Agreed to (88-11, 3/5 majority required)",'3/5',36,10,0,1,50,1,0,0,2,0,0,0,88,11,0,1,
155,112,2,,"June 20, 2012,  05:36 PM","On the Amendment S.Amdt. 2438 to S. 3240 (Agriculture Reform, Food, and Jobs Act of 2012)",Chambliss Amdt. No. 2438,To establish highly erodible land and wetland conservation compliance requirements for the Federal crop insurance program.,Amendment Agreed to (52-47),'1/2',12,34,0,1,38,13,0,0,2,0,0,0,52,47,0,1,
156,112,2,,"June 20, 2012,  05:59 PM","On the Amendment S.Amdt. 2437 to S. 3240 (Agriculture Reform, Food, and Jobs Act of 2012)",Thune Amdt. No. 2437,"To limit the amount of premium subsidy provided by the Federal Crop Insurance Corporation on behalf of any person or legal entity with an average adjusted gross income in excess of $750,000, with a delayed application of the limitation until completion of a study on the effects of the limitation.",Amendment Rejected (44-55),'1/2',27,19,0,1,16,35,0,0,1,1,0,0,44,55,0,1,
157,112,2,,"June 20, 2012,  06:22 PM","On the Amendment S.Amdt. 2439 to S. 3240 (Agriculture Reform, Food, and Jobs Act of 2012)",Coburn Amdt. No. 2439,"To limit the amount of premium subsidy provided by the Federal Crop Insurance Corporation on behalf of any person or legal entity with an average adjusted gross income in excess of $750,000 with a delayed application of the limitation until completion of a study on the effects of the limitation.",Amendment Agreed to (66-33),'1/2',24,22,0,1,41,10,0,0,1,1,0,0,66,33,0,1,
158,112,2,,"June 21, 2012,  11:09 AM","On the Amendment S.Amdt. 2456 to S. 3240 (Agriculture Reform, Food, and Jobs Act of 2012)",Boxer Amdt. No. 2456,Of a perfecting nature.,"Amendment Rejected (47-48, 3/5 majority required)",'3/5',0,44,0,3,45,4,0,2,2,0,0,0,47,48,0,5,
159,112,2,,"June 21, 2012,  11:37 AM","On the Amendment S.Amdt. 2372 to S. 3240 (Agriculture Reform, Food, and Jobs Act of 2012)",Johanns Amdt. No. 2372,To prohibit the Administrator of the Environmental Protection Agency from conducting aerial surveillance to inspect agricultural operations or to record images of agricultural operations.,"Amendment Rejected (56-43, 3/5 majority required)",'3/5',46,0,0,1,10,41,0,0,0,2,0,0,56,43,0,1,
160,112,2,,"June 21, 2012,  11:55 AM","On the Amendment S.Amdt. 2247 to S. 3240 (Agriculture Reform, Food, and Jobs Act of 2012)",Toomey Amdt. No. 2247,To reduce unnecessary paperwork burdens on community water systems.,"Amendment Rejected (58-41, 3/5 majority required)",'3/5',46,0,0,1,12,39,0,0,0,2,0,0,58,41,0,1,
161,112,2,,"June 21, 2012,  12:36 PM","On the Amendment S.Amdt. 2310 to S. 3240 (Agriculture Reform, Food, and Jobs Act of 2012)",Sanders Amdt. No. 2310,"To permit States to require that any food, beverage, or other edible product offered for sale have a label on indicating that the food, beverage, or other edible product contains a genetically engineered ingredient.","Amendment Rejected (26-73, 3/5 majority required)",'3/5',1,45,0,1,23,28,0,0,2,0,0,0,26,73,0,1,
162,112,2,,"June 21, 2012,  12:58 PM","On the Amendment S.Amdt. 2214 to S. 3240 (Agriculture Reform, Food, and Jobs Act of 2012)",Coburn Amdt. No. 2214,"To amend the Internal Revenue Code of 1986 to prohibit the use of public funds for political party conventions, and to provide for the return of previously distributed funds for deficit reduction.","Amendment Agreed to (95-4, 3/5 majority required)",'3/5',46,0,0,1,47,4,0,0,2,0,0,0,95,4,0,1,
163,112,2,,"June 21, 2012,  01:25 PM","On the Amendment S.Amdt. 2166 to S. 3240 (Agriculture Reform, Food, and Jobs Act of 2012)",Rubio Amdt. No. 2166,To amend the National Labor Relations Act to permit employers to pay higher wages to their employees.,"Amendment Rejected (45-54, 3/5 majority required)",'3/5',45,1,0,1,0,51,0,0,0,2,0,0,45,54,0,1,
164,112,2,S. 3240,"June 21, 2012,  01:50 PM",On Passage of the Bill S. 3240,S. 3240 As Amended,"An original bill to reauthorize agricultural programs through 2017, and for other purposes.","Bill Passed (64-35, 3/5 majority required)",'3/5',16,30,0,1,46,5,0,0,2,0,0,0,64,35,0,1,
165,112,2,S. 1940,"June 21, 2012,  02:08 PM",On the Cloture Motion S. 1940,Motion to Invoke Cloture on the Motion to Proceed to S. 1940,"An original bill to amend the National Flood Insurance Act of 1968, to restore the financial solvency of the flood insurance fund, and for other purposes.","Cloture Motion Agreed to (96-2, 3/5 majority required)",'3/5',45,1,0,1,49,1,0,1,2,0,0,0,96,2,0,2,
166,112,2,S. 3187,"June 25, 2012,  05:31 PM",On the Cloture Motion S. 3187,Motion to Invoke Cloture on the Motion to Concur in the House Amendment to S. 3187,"A bill to amend the Federal Food, Drug, and Cosmetic Act to revise and extend the user-fee programs for prescription drugs and medical devices, to establish user-fee programs for generic drugs and biosimilars, and for other purposes.","Cloture Motion Agreed to (89-3, 3/5 majority required)",'3/5',39,2,0,6,49,0,0,2,1,1,0,0,89,3,0,8,
167,112,2,PN1132,"June 26, 2012,  12:00 PM",On the Nomination PN1132,"Confirmation Robin S. Rosenbaum, of Florida, to be U.S. District Judge for the Southern District of Florida","Robin S. Rosenbaum, of Florida, to be United States District Judge for the Southern District of Florida",Nomination Confirmed (92-3),'1/2',42,3,0,2,48,0,0,3,2,0,0,0,92,3,0,5,
168,112,2,S. 3187,"June 26, 2012,  04:45 PM",On the Motion (Motion to Concur in the House Amendment to Accompany S. 3187),Motion to Concur in the House Amendment to Accompany S. 3187,"A bill to amend the Federal Food, Drug, and Cosmetic Act to revise and extend the user-fee programs for prescription drugs and medical devices, to establish user-fee programs for generic drugs and biosimilars, and for other purposes.",Motion Agreed to (92-4),'1/2',41,3,0,3,50,0,0,1,1,1,0,0,92,4,0,4,
169,112,2,H.R. 4348,"June 29, 2012,  12:53 PM",On the Motion (Motion to Waive Paragraph 9 of Rule 28),Motion to Waive Paragraph 9 of Rule 28,"Amended during conference: ""An act to authorize funds for Federal-aid highways, highway safety programs, and transit programs, and for other purposes.""","Motion Agreed to (72-22, 3/5 majority required)",'3/5',22,22,0,3,48,0,0,3,2,0,0,0,72,22,0,6,
170,112,2,H.R. 4348,"June 29, 2012,  01:22 PM",On the Motion (Motion to Waive Paragraph 3 of Rule 28),Motion to Waive Paragraph 3 of Rule 28,"Amended during conference: ""An act to authorize funds for Federal-aid highways, highway safety programs, and transit programs, and for other purposes.""","Motion Agreed to (66-28, 3/5 majority required)",'3/5',16,28,0,3,48,0,0,3,2,0,0,0,66,28,0,6,
171,112,2,H.R. 4348,"June 29, 2012,  01:39 PM",On the Motion (Motion to Waive All Applicable Budgetary Discipline),Motion to Waive All Applicable Budgetary Discipline,"Amended during conference: ""An act to authorize funds for Federal-aid highways, highway safety programs, and transit programs, and for other purposes.""","Motion Agreed to (63-30, 3/5 majority required)",'3/5',13,30,0,4,48,0,0,3,2,0,0,0,63,30,1,6,
172,112,2,H.R. 4348,"June 29, 2012,  01:54 PM",On the Conference Report H.R. 4348,Conference Report to Accompany H.R. 4348,"Amended during conference: ""An act to authorize funds for Federal-aid highways, highway safety programs, and transit programs, and for other purposes.""","Conference Report Agreed to (74-19, 3/5 majority required)",'3/5',24,19,0,4,48,0,0,3,2,0,0,0,74,19,1,6,
173,112,2,PN1196,"July 10, 2012,  12:01 PM",On the Nomination PN1196,"Confirmation John Thomas Fowlkes, Jr., of Tennessee, to be U.S. District Judge for the Western District of Tennessee","John Thomas Fowlkes, Jr., of Tennessee, to be United States District Judge for the Western District of Tennessee",Nomination Confirmed (94-2),'1/2',42,2,0,3,51,0,0,0,1,0,0,1,94,2,0,4,
174,112,2,S. 2237,"July 10, 2012,  02:28 PM",On Cloture on the Motion to Proceed S. 2237,Motion to Invoke Cloture on the Motion to Proceed to S. 2237,"A bill to provide a temporary income tax credit for increased payroll and extend bonus depreciation for an additional year, and for other purposes.","Cloture on the Motion to Proceed Agreed to (80-14, 3/5 majority required)",'3/5',30,13,0,4,48,1,0,2,2,0,0,0,80,14,0,6,
175,112,2,,"July 12, 2012,  02:01 PM",On the Motion to Table S.Amdt. 2524 to S. 2237 (Small Business Jobs and Tax Relief Act),Motion to Table Reid Amdt. No. 2524,Of a perfecting nature.,Motion to Table Agreed to (73-24),'1/2',21,24,0,2,50,0,0,1,2,0,0,0,73,24,0,3,
176,112,2,,"July 12, 2012,  02:31 PM",On the Cloture Motion S.Amdt. 2521 to S. 2237 (Small Business Jobs and Tax Relief Act),Motion to Invoke Cloture Re: Landrieu Amdt. No. 2521,In the nature of a substitute.,"Cloture Motion Rejected (57-41, 3/5 majority required)",'3/5',5,40,0,2,50,1,0,0,2,0,0,0,57,41,0,2,
177,112,2,S. 2237,"July 12, 2012,  02:50 PM",On the Cloture Motion S. 2237,Motion to Invoke Cloture on S. 2237,"A bill to provide a temporary income tax credit for increased payroll and extend bonus depreciation for an additional year, and for other purposes.","Cloture Motion Rejected (53-44, 3/5 majority required)",'3/5',2,43,0,2,49,1,0,1,2,0,0,0,53,44,0,3,
178,112,2,PN1197,"July 16, 2012,  05:32 PM",On the Nomination PN1197,"Confirmation Kevin McNulty, of New Jersey, to be U.S. District Judge for the District of New Jersey","Kevin McNulty, of New Jersey, to be United States District Judge for the District of New Jersey",Nomination Confirmed (91-3),'1/2',40,3,0,4,49,0,0,2,2,0,0,0,91,3,1,5,
179,112,2,S. 3369,"July 16, 2012,  06:08 PM",On Cloture on the Motion to Proceed S. 3369,Motion to Invoke Cloture on the Motion to Proceed to S.3369,"A bill to amend the Federal Election Campaign Act of 1971 to provide for additional disclosure requirements for corporations, labor organizations, Super PACs and other entities, and for other purposes.","Cloture on the Motion to Proceed Rejected (51-44, 3/5 majority required)",'3/5',0,43,0,4,49,1,0,1,2,0,0,0,51,44,0,5,
180,112,2,S. 3369,"July 17, 2012,  03:05 PM",On Cloture on the Motion to Proceed S. 3369,Upon Reconsideration Motion to Invoke Cloture on the Motion to Proceed to Consider S.3369,"A bill to amend the Federal Election Campaign Act of 1971 to provide for additional disclosure requirements for corporations, labor organizations, Super PACs and other entities, and for other purposes.","Cloture on the Motion to Proceed Rejected (53-45, 3/5 majority required)",'3/5',0,45,0,2,51,0,0,0,2,0,0,0,53,45,0,2,
181,112,2,S. 3364,"July 19, 2012,  02:15 PM",On Cloture on the Motion to Proceed S. 3364,Motion to Invoke Cloture on the Motion to Proceed to S. 3364,A bill to provide an incentive for businesses to bring jobs back to America.,"Cloture on the Motion to Proceed Rejected (56-42, 3/5 majority required)",'3/5',4,42,0,1,50,0,0,1,2,0,0,0,56,42,0,2,
182,112,2,PN1203,"July 23, 2012,  05:40 PM",On the Nomination PN1203,"Confirmation Michael A. Shipp, of New Jersey, to be U.S. District Judge for the District of New Jersey","Michael A. Shipp, of New Jersey, to be United States District Judge for the District of New Jersey",Nomination Confirmed (91-1),'1/2',43,1,0,3,46,0,0,5,2,0,0,0,91,1,0,8,
183,112,2,,"July 25, 2012,  04:08 PM",On the Amendment S.Amdt. 2573 to S. 3412 (Middle Class Tax Cut Act),Hatch-McConnell Amdt. No. 2573,In the nature of a substitute.,Amendment Rejected (45-54),'1/2',44,2,0,1,1,50,0,0,0,2,0,0,45,54,0,1,
184,112,2,S. 3412,"July 25, 2012,  04:50 PM",On Passage of the Bill S. 3412,S. 3412,A bill to amend the Internal Revenue Code of 1986 to provide tax relief to middle-class families.,Bill Passed (51-48),'1/2',0,46,0,1,50,1,0,0,1,1,0,0,51,48,0,1,
185,112,2,S. 3414,"July 26, 2012,  03:23 PM",On Cloture on the Motion to Proceed S. 3414,Motion to Invoke Cloture on the Motion to Proceed to S. 3414,A bill to enhance the security and resiliency of the cyber and communications infrastructure of the United States.,"Cloture on the Motion to Proceed Agreed to (84-11, 3/5 majority required)",'3/5',34,9,0,4,48,2,0,1,2,0,0,0,84,11,0,5,
186,112,2,PN1201,"July 30, 2012,  05:33 PM",On the Cloture Motion PN1201,"Motion to Invoke Cloture on the Nomination of Robert E. Bacharach of Oklahoma, to be United States Circuit Judge for the 10th Circuit","Robert E. Bacharach, of Oklahoma, to be United States Circuit Judge for the Tenth Circuit","Cloture Motion Rejected (56-34, 3/5 majority required)",'3/5',3,34,0,10,51,0,0,0,2,0,0,0,56,34,3,7,
187,112,2,S. 3414,"August 2, 2012,  11:01 AM",On the Cloture Motion S. 3414,Motion to Invoke Cloture on S. 3414,A bill to enhance the security and resiliency of the cyber and communications infrastructure of the United States.,"Cloture Motion Rejected (52-46, 3/5 majority required)",'3/5',5,40,0,2,45,6,0,0,2,0,0,0,52,46,0,2,
188,112,2,,"August 2, 2012,  11:32 AM",On the Amendment S.Amdt. 2771 to S. 3326 (No short title on file),Coburn Amdt. No. 2771,In the nature of a substitute.,Amendment Rejected (40-58),'1/2',37,8,0,2,3,48,0,0,0,2,0,0,40,58,0,2,
189,112,2,PN1123,"August 2, 2012,  01:51 PM",On the Nomination PN1123,"Confirmation Gershwin A. Drain, of Michigan, to be U.S. District Judge for the Eastern District of Michigan","Gershwin A. Drain, of Michigan, to be United States District Judge for the Eastern District of Michigan",Nomination Confirmed (55-41),'1/2',3,40,0,4,50,1,0,0,2,0,0,0,55,41,0,4,
190,112,2,PN1342,"September 10, 2012,  05:31 PM",On the Nomination PN1342,"Confirmation Stephanie Marie Rose, of Iowa, to be U.S. District Judge","Stephanie Marie Rose, of Iowa, to be United States District Judge for the Southern District of Iowa",Nomination Confirmed (89-1),'1/2',39,1,0,7,48,0,0,3,2,0,0,0,89,1,0,10,
191,112,2,S. 3457,"September 11, 2012,  02:16 PM",On Cloture on the Motion to Proceed S. 3457,Motion to Invoke Cloture on the Motion to Proceed to S. 3457,"A bill to require the Secretary of Veterans Affairs to establish a veterans jobs corps, and for other purposes.","Cloture on the Motion to Proceed Agreed to (95-1, 3/5 majority required)",'3/5',44,1,0,2,49,0,0,2,2,0,0,0,95,1,0,4,
192,112,2,S. 3457,"September 12, 2012,  08:46 PM",On the Motion to Proceed S. 3457,Motion to Proceed to Consider S.3457,"A bill to require the Secretary of Veterans Affairs to establish a veterans jobs corps, and for other purposes.",Motion to Proceed Agreed to (84-8),'1/2',35,8,0,4,47,0,0,4,2,0,0,0,84,8,0,8,
193,112,2,,"September 19, 2012,  12:01 PM",On the Motion (Motion to Waive All Applicable Budgetary Discipline Re: Amdt. No. 2789),Motion to Waive All Applicable Budgetary Discipline Re: Amdt. No. 2789,In the nature of a substitute.,"Motion Rejected (58-40, 3/5 majority required)",'3/5',5,40,0,2,51,0,0,0,2,0,0,0,58,40,0,2,
194,112,2,H.J.Res. 117,"September 19, 2012,  02:16 PM",On Cloture on the Motion to Proceed H.J.Res. 117,Motion to Invoke Cloture on the Motion to Proceed to H.J.Res. 117,"A joint resolution making continuing appropriations for fiscal year 2013, and for other purposes.","Cloture on the Motion to Proceed Agreed to (76-22, 3/5 majority required)",'3/5',24,21,0,2,50,1,0,0,2,0,0,0,76,22,0,2,
195,112,2,H.J.Res. 117,"September 20, 2012,  02:00 PM",On the Motion to Proceed H.J.Res. 117,Motion to Proceed to H.J. Res. 117,"A joint resolution making continuing appropriations for fiscal year 2013, and for other purposes.",Motion to Proceed Agreed to (67-31),'1/2',15,30,0,2,50,1,0,0,2,0,0,0,67,31,0,2,
196,112,2,S. 3576,"September 22, 2012,  12:03 AM",On Passage of the Bill S. 3576,S. 3576,"A bill to provide limitations on United States assistance, and for other purposes.","Bill Defeated (10-81, 3/5 majority required)",'3/5',10,30,0,7,0,49,0,2,0,2,0,0,10,81,0,9,
197,112,2,S.J.Res. 41,"September 22, 2012,  12:25 AM",On the Joint Resolution S.J.Res. 41,S.J.Res. 41,A joint resolution expressing the sense of Congress regarding the nuclear program of the Government of the Islamic Republic of Iran.,Joint Resolution Passed (90-1),'1/2',39,1,0,7,49,0,0,2,2,0,0,0,90,1,0,9,
198,112,2,H.J.Res. 117,"September 22, 2012,  12:41 AM",On the Cloture Motion H.J.Res. 117,Motion to Invoke Cloture on H.J.Res. 117,"A joint resolution making continuing appropriations for fiscal year 2013, and for other purposes.","Cloture Motion Agreed to (62-30, 3/5 majority required)",'3/5',12,29,0,6,48,1,0,2,2,0,0,0,62,30,0,8,
199,112,2,H.J.Res. 117,"September 22, 2012,  12:58 AM",On the Joint Resolution H.J.Res. 117,H.J.Res. 117,"A joint resolution making continuing appropriations for fiscal year 2013, and for other purposes.",Joint Resolution Passed (62-30),'1/2',12,29,0,6,48,1,0,2,2,0,0,0,62,30,0,8,
200,112,2,S. 3525,"September 22, 2012,  01:19 AM",On Cloture on the Motion to Proceed S. 3525,Motion to Invoke Cloture on the Motion to Proceed to S. 3525,"A bill to protect and enhance opportunities for recreational hunting, fishing, and shooting, and for other purposes.","Cloture on the Motion to Proceed Agreed to (84-7, 3/5 majority required)",'3/5',36,4,0,7,46,3,0,2,2,0,0,0,84,7,0,9,
201,112,2,S. 3525,"November 13, 2012,  05:30 PM",On the Motion to Proceed S. 3525,Motion to Proceed to S.3525,"A bill to protect and enhance opportunities for recreational hunting, fishing, and shooting, and for other purposes.",Motion to Proceed Agreed to (92-5),'1/2',42,4,0,1,48,1,0,2,2,0,0,0,92,5,0,3,
202,112,2,S. 3414,"November 14, 2012,  05:37 PM",On the Cloture Motion S. 3414,Upon Reconsideration Motion to Invoke Cloture on S.3414,A bill to enhance the security and resiliency of the cyber and communications infrastructure of the United States.,"Cloture Motion Rejected (51-47, 3/5 majority required)",'3/5',4,42,0,1,45,5,0,1,2,0,0,0,51,47,0,2,
203,112,2,S. 3525,"November 15, 2012,  09:20 AM",On the Cloture Motion S. 3525,Motion to Invoke Cloture on S.3525,"A bill to protect and enhance opportunities for recreational hunting, fishing, and shooting, and for other purposes.","Cloture Motion Agreed to (84-12, 3/5 majority required)",'3/5',38,8,0,1,44,4,0,3,2,0,0,0,84,12,0,4,
204,112,2,,"November 26, 2012,  05:31 PM",On the Motion (Motion to Waive all Applicable Budgetary Discipline Re: Amdt. No. 2875),Motion to Waive all Applicable Budgetary Discipline Re: Amdt. No. 2875,In the nature of a substitute.,"Motion Rejected (50-44, 3/5 majority required)",'3/5',1,43,0,3,47,1,0,3,2,0,0,0,50,44,0,6,
205,112,2,Treaty Doc. 112-7,"November 27, 2012,  02:34 PM",On the Motion to Proceed Treaty Doc. 112-7,Motion to Proceed to Executive Session to Consider Treaty Doc. 112-7,"The Convention on the Rights of Persons with Disabilities, adopted by the United Nations General Assembly on December 13, 2006, and signed by the United States of America on June 30, 2009 (the ""Convention"")",Motion to Proceed Agreed to (61-36),'1/2',9,36,0,2,50,0,0,1,2,0,0,0,61,36,0,3,
206,112,2,,"November 28, 2012,  02:01 PM",On the Amendment S.Amdt. 2985 to S. 3254 (National Defense Authorization Act for Fiscal Year 2013),Udall (CO) Amdt. No. 2985,"To strike section 313, relating to a limitation on the availability of funds for the procurement of alternative fuel.",Amendment Agreed to (62-37),'1/2',11,35,0,1,49,2,0,0,2,0,0,0,62,37,0,1,
207,112,2,,"November 28, 2012,  06:02 PM",On the Amendment S.Amdt. 2955 to S. 3254 (National Defense Authorization Act for Fiscal Year 2013),Leahy Amdt. No. 2955,To improve the Public Safety Officers' Benefits Program.,Amendment Agreed to (85-11),'1/2',34,11,0,2,49,0,0,2,2,0,0,0,85,11,0,4,
208,112,2,,"November 29, 2012,  12:31 PM",On the Amendment S.Amdt. 3158 to S. 3254 (National Defense Authorization Act for Fiscal Year 2013),Cornyn Amdt. No. 3158,To require the Secretary of Veterans Affairs to submit to Congress a plan to reduce the current backlog of veterans claims.,Amendment Agreed to (95-0),'1/2',44,0,0,3,49,0,0,2,2,0,0,0,95,0,0,5,
209,112,2,,"November 29, 2012,  01:01 PM",On the Amendment S.Amdt. 3095 to S. 3254 (National Defense Authorization Act for Fiscal Year 2013),Hagan Amdt. No. 3095,To strike the prohibition on biofuel refinery construction.,Amendment Agreed to (54-41),'1/2',4,40,0,3,48,1,0,2,2,0,0,0,54,41,0,5,
210,112,2,,"November 29, 2012,  02:22 PM",On the Amendment S.Amdt. 3096 to S. 3254 (National Defense Authorization Act for Fiscal Year 2013),Merkley Amdt. No. 3096 as Modified,To express the sense of Congress on the accelerated transition of United States combat and military and security operations to the Government of Afghanistan.,Amendment Agreed to (62-33),'1/2',13,31,0,3,48,1,0,2,1,1,0,0,62,33,0,5,
211,112,2,,"November 29, 2012,  03:47 PM",On the Amendment S.Amdt. 3058 to S. 3254 (National Defense Authorization Act for Fiscal Year 2013),Gillibrand Amdt. No. 3058 as Modified,To provide for certain treatment of autism under the TRICARE program.,Amendment Agreed to (66-29),'1/2',16,28,0,3,48,1,0,2,2,0,0,0,66,29,0,5,
212,112,2,,"November 29, 2012,  09:36 PM",On the Amendment S.Amdt. 3245 to S. 3254 (National Defense Authorization Act for Fiscal Year 2013),Ayotte Amdt. No. 3245,"To prohibit the use of funds for the transfer or release of certain individuals from United States Naval Station, Guantanamo Bay, Cuba.",Amendment Agreed to (54-41),'1/2',44,0,0,3,9,40,0,2,1,1,0,0,54,41,0,5,
213,112,2,,"November 29, 2012,  10:05 PM",On the Amendment S.Amdt. 3018 to S. 3254 (National Defense Authorization Act for Fiscal Year 2013),Feinstein Amdt. No. 3018,"To clarify that an authorization to use military force, a declaration of war, or any similar authority shall not authorize the detention without charge or trial of a citizen or lawful permanent resident of the United States.",Amendment Agreed to (67-29),'1/2',20,25,0,2,46,3,0,2,1,1,0,0,67,29,0,4,
214,112,2,,"November 30, 2012,  09:44 AM",On the Amendment S.Amdt. 3025 to S. 3254 (National Defense Authorization Act for Fiscal Year 2013),Cardin Amdt. No. 3025,To ensure sufficient sizing of the civilian and contract services workforces of the Department of Defense.,Amendment Rejected (41-53),'1/2',2,41,0,4,37,12,0,2,2,0,0,0,41,53,0,6,
215,112,2,,"November 30, 2012,  10:14 AM",On the Amendment S.Amdt. 3232 to S. 3254 (National Defense Authorization Act for Fiscal Year 2013),Menendez Amdt. No. 3232,To enhance sanctions imposed with respect to Iran.,Amendment Agreed to (94-0),'1/2',43,0,0,4,49,0,0,2,2,0,0,0,94,0,0,6,
216,112,2,,"November 30, 2012,  10:45 AM",On the Motion (Motion to Waive Sec. 302(f) of the CBA),Motion to Waive Sec. 302(f) of the CBA,To repeal the requirement for reduction of survivor annuities under the Survivor Benefit Plan by veterans' dependency and indemnity compensation.,"Motion Rejected (58-34, 3/5 majority required)",'3/5',9,33,0,5,47,1,0,3,2,0,0,0,58,34,0,8,
217,112,2,PN1381,"December 3, 2012,  05:33 PM",On the Nomination PN1381,"Confirmation Paul William Grimm, of MD, to be U.S. District Judge","Paul William Grimm, of Maryland, to be United States District Judge for the District of Maryland",Nomination Confirmed (92-1),'1/2',44,1,0,2,47,0,0,4,1,0,0,1,92,1,0,7,
218,112,2,S. 3254,"December 3, 2012,  06:05 PM",On the Cloture Motion S. 3254,Motion to Invoke Cloture on S.3254,"An original bill to authorize appropriations for fiscal year 2013 for military activities of the Department of Defense, for military construction, and for defense activities of the Department of Energy, to prescribe military personnel strengths for such fiscal year, and for other purposes.","Cloture Motion Agreed to (93-0, 3/5 majority required)",'3/5',45,0,0,2,47,0,0,4,1,0,0,1,93,0,0,7,
219,112,2,Treaty Doc. 112-7,"December 4, 2012,  12:06 PM",On the Resolution of Ratification Treaty Doc. 112-7,Resolution of Ratification Treaty Doc. 112-7,"The Convention on the Rights of Persons with Disabilities, adopted by the United Nations General Assembly on December 13, 2006, and signed by the United States of America on June 30, 2009 (the ""Convention"")","Resolution of Ratification Rejected (61-38, 2/3 majority required)",'2/3',8,38,0,1,51,0,0,0,2,0,0,0,61,38,0,1,
220,112,2,,"December 4, 2012,  04:40 PM",On the Amendment S.Amdt. 3262 to S. 3254 (National Defense Authorization Act for Fiscal Year 2013),"McCain Amdt. No. 3262, As Modified",To require a report on military activities to deny or significantly degrade the use of air power against civilian and opposition groups in Syria.,Amendment Agreed to (92-6),'1/2',41,5,0,1,49,1,0,1,2,0,0,0,92,6,0,2,
221,112,2,S. 3254,"December 4, 2012,  05:06 PM",On Passage of the Bill S. 3254,S. 3254 As Amended,"An original bill to authorize appropriations for fiscal year 2013 for military activities of the Department of Defense, for military construction, and for defense activities of the Department of Energy, to prescribe military personnel strengths for such fiscal year, and for other purposes.",Bill Passed (98-0),'1/2',46,0,0,1,50,0,0,1,2,0,0,0,98,0,0,2,
222,112,2,PN1341,"December 5, 2012,  05:28 PM",On the Nomination PN1341,"Confirmation Michael P. Shea, of Connecticut, to be U.S. District Judge","Michael P. Shea, of Connecticut, to be United States District Judge for the District of Connecticut",Nomination Confirmed (72-23),'1/2',21,23,0,3,49,0,0,2,2,0,0,0,72,23,0,5,
223,112,2,H.R. 6156,"December 6, 2012,  12:10 PM",On Passage of the Bill H.R. 6156,H. R. 6156,"A bill to authorize the extension of nondiscriminatory treatment (normal trade relations treatment) to products of the Russian Federation and Moldova and to require reports on the compliance of the Russian Federation with its obligations as a member of the World Trade Organization, and for other purposes.",Bill Passed (92-4),'1/2',46,0,0,1,45,3,0,3,1,1,0,0,92,4,0,4,
224,112,2,PN1383,"December 6, 2012,  12:48 PM",On the Nomination PN1383,"Confirmation Mark E. Walker, of Florida, to be U.S. District Judge for the Northern District of Florida","Mark E. Walker, of Florida, to be United States District Judge for the Northern District of Florida",Nomination Confirmed (94-0),'1/2',44,0,0,3,48,0,0,3,2,0,0,0,94,0,0,6,
225,112,2,S. 3637,"December 11, 2012,  02:16 PM",On Cloture on the Motion to Proceed S. 3637,Motion to Invoke Cloture on the Motion to Proceed to S. 3637,"A bill to temporarily extend the transaction account guarantee program, and for other purposes.","Cloture on the Motion to Proceed Agreed to (76-20, 3/5 majority required)",'3/5',25,20,0,2,49,0,0,2,2,0,0,0,76,20,0,4,
226,112,2,PN1405,"December 11, 2012,  04:32 PM",On the Nomination PN1405,"Confirmation John E. Dowdell, of Oklahoma, to be U.S. District Judge","John E. Dowdell, of Oklahoma, to be United States District Judge for the Northern District of Oklahoma",Nomination Confirmed (95-0),'1/2',46,0,0,1,47,0,0,4,2,0,0,0,95,0,0,5,
227,112,2,S. 3637,"December 13, 2012,  12:01 PM",On the Motion (Motion to Waive All Applicable Budgetary Discipline Re: S.3637),Motion to Waive All Applicable Budgetary Discipline Re: S.3637,"A bill to temporarily extend the transaction account guarantee program, and for other purposes.","Motion Rejected (50-42, 3/5 majority required)",'3/5',2,41,0,4,46,1,0,4,2,0,0,0,50,42,0,8,
228,112,2,PN1556,"December 13, 2012,  02:18 PM",On the Nomination PN1556,"Confirmation Lorna G. Schofield, of New York, to be U.S. District Judge","Lorna G. Schofield, of New York, to be United States District Judge for the Southern District of New York",Nomination Confirmed (91-0),'1/2',41,0,0,6,48,0,0,3,2,0,0,0,91,0,0,9,
229,112,2,H.R. 4310,"December 21, 2012,  02:06 PM",On the Conference Report H.R. 4310,Conference Report to Accompany H. R. 4310,"To authorize appropriations for fiscal year 2013 for military activities of the Department of Defense, for military construction, and for defense activities of the Department of Energy, to prescribe military personnel strengths for such fiscal year, and for other purposes.",Conference Report Agreed to (81-14),'1/2',36,7,0,4,44,6,0,0,1,1,0,0,81,14,0,4,
230,112,2,,"December 21, 2012,  03:30 PM","On the Cloture Motion S.Amdt. 3395 to H.R. 1 (Full-Year Continuing Appropriations Act, 2011)",Motion to Invoke Cloture on the Reid Amdt. No. 3395,In the nature of a substitute.,"Cloture Motion Agreed to (91-1, 3/5 majority required)",'3/5',39,1,0,7,50,0,0,0,2,0,0,0,91,1,0,7,
231,112,2,,"December 21, 2012,  04:03 PM",On the Motion (Motion to Waive Sec. 314(e)(1) of the Congressional Budget Act),Motion to Waive Sec. 314(e)(1) of the Congressional Budget Act,In the nature of a substitute.,"Motion Rejected (57-34, 3/5 majority required)",'3/5',5,34,0,8,50,0,0,0,2,0,0,0,57,34,0,8,
232,112,2,,"December 27, 2012,  05:33 PM",On the Amendment S.Amdt. 3437 to H.R. 5949 (FISA Amendments Act Reauthorization Act of 2012),Leahy Amdt. No. 3437,In the nature of a substitute.,"Amendment Rejected (38-52, 3/5 majority required)",'3/5',2,41,0,4,36,10,0,5,0,1,0,1,38,52,0,10,
233,112,2,,"December 27, 2012,  06:06 PM",On the Amendment S.Amdt. 3435 to H.R. 5949 (FISA Amendments Act Reauthorization Act of 2012),Merkley Amdt. No. 3435,"To require the Attorney General to disclose each decision, order, or opinion of a Foreign Intelligence Surveillance Court that includes significant legal interpretation of section 501 or 702 of the Foreign Intelligence Surveillance Act of 1978 unless such disclosure is not in the national security interest of the United States.","Amendment Rejected (37-54, 3/5 majority required)",'3/5',3,40,0,4,34,13,0,4,0,1,0,1,37,54,0,9,
234,112,2,,"December 27, 2012,  06:26 PM",On the Amendment S.Amdt. 3436 to H.R. 5949 (FISA Amendments Act Reauthorization Act of 2012),Paul Amdt. No. 3436,To ensure adequate protection of the rights under the Fourth Amendment to the Constitution of the United States.,"Amendment Rejected (12-79, 3/5 majority required)",'3/5',3,40,0,4,9,38,0,4,0,1,0,1,12,79,0,9,
235,112,2,,"December 28, 2012,  09:36 AM",On the Amendment S.Amdt. 3439 to H.R. 5949 (FISA Amendments Act Reauthorization Act of 2012),Wyden Amdt. No. 3439,To require a report on the impact of the FISA Amendments Act of 2008 on the privacy of the people of the United States.,"Amendment Rejected (43-52, 3/5 majority required)",'3/5',6,39,0,2,36,12,0,3,1,1,0,0,43,52,0,5,
236,112,2,H.R. 5949,"December 28, 2012,  10:05 AM",On Passage of the Bill H.R. 5949,H.R. 5949,A bill to extend the FISA Amendments Act of 2008 for five years.,"Bill Passed (73-23, 3/5 majority required)",'3/5',42,3,0,2,30,19,0,2,1,1,0,0,73,23,0,4,
237,112,2,,"December 28, 2012,  10:36 AM","On the Amendment S.Amdt. 3344 to S.Amdt. 3395 to H.R. 1 (Full-Year Continuing Appropriations Act, 2011)",Bingaman Amdt. No. 3344,To provide for the approval of an agreement between the United States and the Republic of Palau in response to Super Typhoon Bopha.,"Amendment Rejected (52-43, 3/5 majority required)",'3/5',4,41,0,2,46,2,0,3,2,0,0,0,52,43,0,5,
238,112,2,,"December 28, 2012,  11:02 AM",On the Motion (Motion to Waive All Applicable Budgetary Discipline Re: Tester Amdt. No. 3350),Motion to Waive All Applicable Budgetary Discipline Re: Tester Amdt. No. 3350,To provide additional funds for wildland fire management.,"Motion Rejected (51-44, 3/5 majority required)",'3/5',2,43,0,2,47,1,0,3,2,0,0,0,51,44,0,5,
239,112,2,,"December 28, 2012,  11:27 AM","On the Amendment S.Amdt. 3368 to S.Amdt. 3395 to H.R. 1 (Full-Year Continuing Appropriations Act, 2011)",Coburn Amdt. No. 3368,To clarify cost-sharing requirements for certain Corps of Engineers activities.,"Amendment Rejected (44-51, 3/5 majority required)",'3/5',44,1,0,2,0,48,0,3,0,2,0,0,44,51,0,5,
240,112,2,,"December 28, 2012,  11:56 AM","On the Amendment S.Amdt. 3370 to S.Amdt. 3395 to H.R. 1 (Full-Year Continuing Appropriations Act, 2011)","Coburn Amdt. No. 3370, Div II","To ensure funding for victims of Hurricane Sandy is not spent on tax cheats, deceased individuals, or fisheries outside of the affected area.","Amendment Rejected (35-60, 3/5 majority required)",'3/5',33,12,0,2,2,46,0,3,0,2,0,0,35,60,0,5,
241,112,2,,"December 28, 2012,  12:14 PM","On the Amendment S.Amdt. 3371 to S.Amdt. 3395 to H.R. 1 (Full-Year Continuing Appropriations Act, 2011)",Coburn Amdt. No. 3371,"To ensure that Federal disaster assistance is available for the most severe disasters, and for other purposes.","Amendment Rejected (40-55, 3/5 majority required)",'3/5',34,11,0,2,6,42,0,3,0,2,0,0,40,55,0,5,
242,112,2,,"December 28, 2012,  02:11 PM","On the Amendment S.Amdt. 3382 to S.Amdt. 3395 to H.R. 1 (Full-Year Continuing Appropriations Act, 2011)",Coburn Amdt. No. 3382,To require merit-based and competitive awards of disaster recovery contracts.,"Amendment Rejected (48-47, 3/5 majority required)",'3/5',39,6,0,2,9,39,0,3,0,2,0,0,48,47,0,5,
243,112,2,,"December 28, 2012,  04:18 PM","On the Amendment S.Amdt. 3376 to S.Amdt. 3395 to H.R. 1 (Full-Year Continuing Appropriations Act, 2011)",Paul Amdt. No. 3376,To provide for the nonapplication of the Davis-Bacon Act in the case of projects funded under this Act.,"Amendment Rejected (42-52, 3/5 majority required)",'3/5',42,3,0,2,0,47,0,4,0,2,0,0,42,52,0,6,
244,112,2,,"December 28, 2012,  04:57 PM","On the Amendment S.Amdt. 3410 to S.Amdt. 3395 to H.R. 1 (Full-Year Continuing Appropriations Act, 2011)",Paul Amdt. No. 3410,To offset the cost of the bill and to put the spending on budget as regular spending and not emergency.,"Amendment Rejected (3-91, 3/5 majority required)",'3/5',3,42,0,2,0,47,0,4,0,2,0,0,3,91,0,6,
245,112,2,,"December 28, 2012,  05:20 PM","On the Amendment S.Amdt. 3355 to S.Amdt. 3395 to H.R. 1 (Full-Year Continuing Appropriations Act, 2011)",McCain Amdt. No. 3355,To strike funding for the emergency forest restoration program.,"Amendment Rejected (46-49, 3/5 majority required)",'3/5',43,2,0,2,3,45,0,3,0,2,0,0,46,49,0,5,
246,112,2,,"December 28, 2012,  05:47 PM","On the Motion (Motion to Waive All Applicable Budgetary Discipline Re: Merkley Amdt. No. 3367, as Modified Further)","Motion to Waive All Applicable Budgetary Discipline Re: Merkley Amdt. No. 3367, as Modified Further",To extend certain supplemental agriculture disaster assistance programs.,"Motion Rejected (55-40, 3/5 majority required)",'3/5',5,40,0,2,48,0,0,3,2,0,0,0,55,40,0,5,
247,112,2,,"December 28, 2012,  06:11 PM","On the Amendment S.Amdt. 3391 to S.Amdt. 3395 to H.R. 1 (Full-Year Continuing Appropriations Act, 2011)",Coats Amdt. No. 3391,In the nature of a substitute.,"Amendment Rejected (41-54, 3/5 majority required)",'3/5',41,4,0,2,0,48,0,3,0,2,0,0,41,54,0,5,
248,112,2,H.R. 1,"December 28, 2012,  06:32 PM",On Passage of the Bill H.R. 1,H.R. 1 as Amended,"An act making appropriations for disaster relief for the fiscal year ending September 30, 2013, and for other purposes.",Bill Passed (62-32),'1/2',12,32,0,3,48,0,0,3,2,0,0,0,62,32,0,6,
249,112,2,PN1354,"December 30, 2012,  02:10 PM",On the Nomination PN1354,"Confirmation William Joseph Baer, of Maryland, to be an Assistant Attorney General","William Joseph Baer, of Maryland, to be an Assistant Attorney General",Nomination Confirmed (64-26),'1/2',14,26,0,7,48,0,0,3,2,0,0,0,64,26,0,10,
250,112,2,PN1064,"December 30, 2012,  02:39 PM",On the Nomination PN1064,"Confirmation Carol J. Galante, of California, to be an Assistant Seceretary of Housing and Urban Development","Carol J. Galante, of California, to be an Assistant Secretary of Housing and Urban Development","Nomination Confirmed (69-24, 3/5 majority required)",'3/5',18,24,0,5,49,0,0,2,2,0,0,0,69,24,0,7,
251,112,2,H.R. 8,"January 1, 2013,  01:39 AM",On Passage of the Bill H.R. 8,"H.R. 8, As Amended","An act entitled the ""American Taxpayer Relief Act of 2012"".","Bill Passed (89-8, 3/5 majority required)",'3/5',40,5,0,2,47,3,0,1,2,0,0,0,89,8,0,3,
