Roll Call,Majority,Congress Num,Legislation Number,Date,Time,Question,Description,Result,Republican Yes,Republican No,Republican Present,Republican Not Voting,Democrat Yes,Democrat No,Democrat Present,Democrat Not Voting,Independent Yes,Independent No,Independent Present,Independent Not Voting,Total Yes,Total No,Total Present,Total Not Voting
1,D,103,QUORUM 1,25-Jan-1994,12:33 PM,Call of the House,None,Passed,0,0,144,31,0,0,204,53,0,0,0,1,0,0,348,85
2,D,103,MOTION,26-Jan-1994,1:59 PM,On Approving the Journal,None,Passed,24,136,0,16,222,4,0,30,1,0,0,0,247,140,0,46
3,D,103,MOTION,2-Feb-1994,2:27 PM,On Approving the Journal,None,Passed,19,148,1,8,218,6,0,32,0,0,0,1,237,154,1,41
4,D,103,H RES 312,2-Feb-1994,5:24 PM,On Agreeing to the Resolution,PROVIDING FOR CONSIDERATION OF H.R. 3425; DEPARTMENT OF ENVIRONMENTAL PROTECTION ACT,Failed,5,167,0,4,185,60,0,11,1,0,0,0,191,227,0,15
5,D,103,MOTION,3-Feb-1994,10:55 AM,On Approving the Journal,None,Passed,19,140,0,17,225,4,0,27,1,0,0,0,245,144,0,44
6,D,103,H RES 336,3-Feb-1994,12:25 PM,On Ordering the Previous Question,PROVIDING FOR THE CONSIDERATION OF H.R. 3759; EMERGENCY SUPPLEMENTAL APPROPRIATIONS,Passed,5,166,0,5,238,2,0,16,1,0,0,0,244,168,0,21
7,D,103,H RES 336,3-Feb-1994,12:43 PM,On Agreeing to the Resolution,PROVIDING FOR THE CONSIDERATION OF H.R. 3759; EMERGENCY SUPPLEMENTAL APPROPRIATIONS,Passed,107,64,0,5,234,1,0,21,1,0,0,0,342,65,0,26
8,D,103,H R 3759,3-Feb-1994,3:04 PM,On Agreeing to the Amendment,None,Failed,66,106,0,4,91,154,0,16,1,0,0,0,158,260,0,20
9,D,103,H R 3759,3-Feb-1994,4:14 PM,On Agreeing to the Amendment,None,Failed,161,10,0,5,46,200,0,15,0,1,0,0,207,211,0,20
10,D,103,H R 3759,3-Feb-1994,5:53 PM,On Agreeing to the Amendment,None,Failed,144,26,0,6,34,213,0,15,0,1,0,0,178,240,0,21
11,D,103,H R 3759,3-Feb-1994,6:20 PM,On Agreeing to the Amendment,None,Agreed to,170,1,0,5,244,1,0,17,1,0,0,0,415,2,0,22
12,D,103,H R 3759,3-Feb-1994,6:43 PM,On Motion to Recommit with Instructions,EMERGENCY SUPPLEMENTAL APPROPRIATIONS FOR F.Y. 1994,Failed,162,8,0,6,22,219,0,15,0,1,0,0,184,228,0,21
13,D,103,H R 3759,3-Feb-1994,6:52 PM,On Passage,EMERGENCY SUPPLEMENTAL APPROPRIATIONS FOR F.Y. 1994,Passed,111,59,0,6,225,15,0,16,1,0,0,0,337,74,0,22
14,D,103,MOTION,8-Feb-1994,4:30 PM,On Approving the Journal,None,Passed,17,139,0,20,217,8,0,31,1,0,0,0,235,147,0,51
15,D,103,MOTION,9-Feb-1994,12:30 PM,On Approving the Journal,None,Passed,22,146,0,8,223,5,0,28,1,0,0,0,246,151,0,36
16,D,103,H RES 352,9-Feb-1994,2:48 PM,On Ordering the Previous Question,PROVIDING FOR THE CONSIDERATION OF H.R. 811; INDEPENDENT COUNSEL REAUTHORIZATION,Passed,0,173,0,3,248,1,0,7,1,0,0,0,249,174,0,10
17,D,103,H RES 352,9-Feb-1994,3:06 PM,On Agreeing to the Resolution,PROVIDING FOR THE CONSIDERATION OF H.R. 811; INDEPENDENT COUNSEL REAUTHORIZATION,Passed,0,171,0,5,241,3,0,12,1,0,0,0,242,174,0,17
18,D,103,H R 811,10-Feb-1994,11:33 AM,On Agreeing to the Amendment,None,Failed,168,0,0,8,19,226,0,16,0,1,0,0,187,227,0,24
19,D,103,H R 811,10-Feb-1994,1:17 PM,On Agreeing to the Amendment,None,Agreed to,2,167,0,7,227,21,0,13,1,0,0,0,230,188,0,20
20,D,103,H R 811,10-Feb-1994,1:26 PM,On Agreeing to the Amendment,None,Agreed to,97,71,0,8,241,5,0,15,1,0,0,0,339,76,0,23
21,D,103,H R 811,10-Feb-1994,2:24 PM,On Agreeing to the Amendment,None,Failed,167,1,0,8,14,236,0,11,0,1,0,0,181,238,0,19
22,D,103,H R 811,10-Feb-1994,2:50 PM,On Motion to Recommit with Instructions,INDEPENDENT COUNSEL REAUTHORIZATION,Failed,168,1,0,7,15,228,0,13,0,1,0,0,183,230,0,20
23,D,103,H R 811,10-Feb-1994,2:59 PM,On Passage,INDEPENDENT COUNSEL REAUTHORIZATION,Passed,112,54,0,10,243,2,0,11,1,0,0,0,356,56,0,21
24,D,103,H R 3345,10-Feb-1994,4:33 PM,On Agreeing to the Amendment,None,Agreed to,165,0,0,11,243,1,0,17,1,0,0,0,409,1,0,28
25,D,103,H R 3345,10-Feb-1994,5:08 PM,On Passage,WORKFORCE RESTRUCTURING ACT,Passed,148,17,0,11,242,0,0,14,1,0,0,0,391,17,0,25
26,D,103,H R 3759,10-Feb-1994,5:46 PM,ON MOTION TO INSTRUCT CONFEREES,EMERGENCY SUPPLEMENTAL APPROPRIATIONS FOR F.Y. 1994,Passed,161,0,1,14,228,1,0,27,1,0,0,0,390,1,1,41
27,D,103,H R 3759,11-Feb-1994,7:18 PM,On Agreeing to the Conference Report,EMERGENCY SUPPLEMENTAL APPROPRIATIONS FOR F.Y. 1994,Passed,76,48,0,52,168,17,0,71,1,0,0,0,245,65,0,123
28,D,103,MOTION,23-Feb-1994,1:24 PM,On Approving the Journal,None,Passed,15,156,0,5,234,4,0,18,1,0,0,0,250,160,0,23
29,D,103,H RES 343,23-Feb-1994,4:09 PM,On Agreeing to the Resolution,CONDEMNING A SPEECH GIVEN BY NATION OF ISLAM CHIEF SPOKESMAN,Passed,169,2,3,2,192,31,26,7,0,1,0,0,361,34,29,9
30,D,103,H R 1804,23-Feb-1994,4:42 PM,MOTION TO INSTRUCT CONFEREES,GOALS 200: EDUCATE AMERICA ACT,Passed,174,0,0,2,192,55,0,9,1,0,0,0,367,55,0,11
31,D,103,H R 6,24-Feb-1994,1:54 PM,On Agreeing to the Amendment,None,Agreed to,176,0,0,0,247,1,0,13,1,0,0,0,424,1,0,13
32,D,103,H R 6,24-Feb-1994,3:28 PM,On Agreeing to the Amendment,None,Agreed to,176,0,0,0,197,53,0,12,1,0,0,0,374,53,0,12
33,D,103,H R 6,24-Feb-1994,3:57 PM,ON AGREEING TO THE AMENDMENTS,None,Agreed to,175,0,0,1,246,1,0,14,1,0,0,0,422,1,0,15
34,D,103,MOTION,2-Mar-1994,2:27 PM,On Approving the Journal,None,Passed,22,149,0,5,239,5,0,12,1,0,0,0,262,154,0,17
35,D,103,H R 6,2-Mar-1994,4:26 PM,On Agreeing to the Amendment,None,Failed,2,171,0,3,68,186,0,7,0,1,0,0,70,358,0,10
36,D,103,H RES 375,2-Mar-1994,6:08 PM,On Agreeing to the Resolution,REGARDING THE HOUSE POST OFFICE,Passed,0,173,0,3,240,11,0,5,1,0,0,0,241,184,0,8
37,D,103,H RES 238,2-Mar-1994,7:56 PM,ON MOTION TO TABLE,REGARDING THE HOUSE POST OFFICE,Passed,2,171,0,3,235,15,0,6,1,0,0,0,238,186,0,9
38,D,103,MOTION,3-Mar-1994,11:30 AM,On Approving the Journal,None,Passed,17,147,0,12,232,6,0,18,1,0,0,0,250,153,0,30
39,D,103,H R 6,3-Mar-1994,1:14 PM,ON AGREEING TO THE AMENDMENT,None,Failed,4,167,0,5,72,172,0,17,0,1,0,0,76,340,0,22
40,D,103,H R 6,3-Mar-1994,2:18 PM,On Agreeing to the Amendment,None,Failed,114,57,0,5,14,234,0,13,0,1,0,0,128,292,0,18
41,D,103,H R 6,3-Mar-1994,5:09 PM,On Agreeing to the Amendment,None,Failed,77,86,0,13,1,242,0,18,0,1,0,0,78,329,0,31
42,D,103,MOTION,8-Mar-1994,5:29 PM,On Approving the Journal,None,Passed,19,128,0,29,191,4,0,61,1,0,0,0,211,132,0,90
43,D,103,H R 6,9-Mar-1994,1:48 PM,On Agreeing to the Amendment,None,Failed,166,5,0,5,37,207,0,17,0,1,0,0,203,213,0,22
44,D,103,H R 6,9-Mar-1994,2:50 PM,On Agreeing to the Amendment,None,Failed,168,4,0,4,34,215,0,12,0,1,0,0,202,220,0,16
45,D,103,H R 6,9-Mar-1994,4:00 PM,On Agreeing to the Amendment,None,Agreed to,172,0,0,4,252,0,0,9,1,0,0,0,425,0,0,13
46,D,103,H R 6,9-Mar-1994,4:34 PM,On Agreeing to the Amendment,None,Failed,3,168,0,5,121,128,0,12,1,0,0,0,125,296,0,17
47,D,103,H R 6,9-Mar-1994,4:45 PM,On Agreeing to the Amendment,None,Agreed to,171,0,0,5,246,1,0,14,1,0,0,0,418,1,0,19
48,D,103,QUORUM 48,9-Mar-1994,5:34 PM,Call in Committee,None,Passed,0,0,171,5,0,0,241,20,0,0,1,0,0,0,413,25
49,D,103,H R 6,9-Mar-1994,5:50 PM,On Agreeing to the Amendment,None,Agreed to,136,35,0,5,216,35,1,9,1,0,0,0,353,70,1,14
50,D,103,H RES 384,10-Mar-1994,11:51 AM,On Agreeing to the Resolution,PROVIDING FOR THE CONSIDERATION OF H. CON. RES. 218; SETTING FORTH THE CONGRESSIONAL BUDGET FOR F.Y. 1995,Passed,0,170,0,6,244,1,0,11,1,0,0,0,245,171,0,17
51,D,103,H CON RES 218,10-Mar-1994,6:17 PM,On Agreeing to the Amendment,None,Failed,12,160,0,4,92,153,0,16,1,0,0,0,105,313,0,20
52,D,103,H CON RES 218,10-Mar-1994,7:42 PM,On Agreeing to the Amendment,None,Failed,56,114,0,6,17,227,0,17,0,1,0,0,73,342,0,23
53,D,103,MOTION,11-Mar-1994,10:23 AM,On Approving the Journal,None,Passed,15,141,0,20,209,7,0,40,1,0,0,0,225,148,0,60
54,D,103,H CON RES 218,11-Mar-1994,12:19 PM,On Agreeing to the Amendment,None,Failed,3,164,0,9,77,162,0,22,1,0,0,0,81,326,0,31
55,D,103,H CON RES 218,11-Mar-1994,1:53 PM,On Agreeing to the Amendment,None,Failed,158,9,0,9,7,233,0,21,0,1,0,0,165,243,0,30
56,D,103,H CON RES 218,11-Mar-1994,2:14 PM,On Agreeing to the Resolution,CONGRESSIONAL BUDGET FOR F.Y. 1995,Passed,0,164,0,12,222,11,0,23,1,0,0,0,223,175,0,35
57,D,103,H R 3345,11-Mar-1994,2:40 PM,ON MOTION TO INSTRUCT CONFEREES,WORKFORCE RESTRUCTURING ACT,Passed,150,8,0,18,81,141,0,34,0,1,0,0,231,150,0,52
58,D,103,MOTION,16-Mar-1994,11:00 AM,On Approving the Journal,None,Passed,21,139,0,16,224,5,0,27,1,0,0,0,246,144,0,43
59,D,103,H RES 331,16-Mar-1994,12:12 PM,On Agreeing to the Resolution,PROVIDING FOR THE CONSIDERATION OF H.J. RES. 103; BALANCED BUDGET CONSTITUTIONAL AMENDMENT,Passed,167,0,0,9,219,22,0,15,1,0,0,0,387,22,0,24
60,D,103,H J RES 103,16-Mar-1994,7:51 PM,On Agreeing to the Amendment,None,Failed,164,10,0,2,15,231,0,15,0,1,0,0,179,242,0,17
61,D,103,QUORUM 61,17-Mar-1994,11:33 AM,Call in Committee,None,Passed,0,0,163,13,0,0,228,33,0,0,1,0,0,0,392,46
62,D,103,H J RES 103,17-Mar-1994,12:55 PM,On Agreeing to the Amendment,None,Failed,169,4,0,3,44,210,0,7,0,1,0,0,213,215,0,10
63,D,103,H J RES 103,17-Mar-1994,1:36 PM,On Agreeing to the Amendment,None,Agreed to,166,4,0,6,45,199,0,12,0,1,0,0,211,204,0,18
64,D,103,H J RES 103,17-Mar-1994,3:13 PM,On Agreeing to the Amendment,None,Failed,5,169,0,2,106,148,0,7,0,1,0,0,111,318,0,9
65,D,103,H J RES 103,17-Mar-1994,4:53 PM,On Passage,BALANCED BUDGET CONSTITUTIONAL AMENDMENT,Failed,172,1,0,3,99,151,0,6,0,1,0,0,271,153,0,9
66,D,103,H RES 374,17-Mar-1994,6:27 PM,On Ordering the Previous Question,REQUESTING A CONFERENCE ON S. 636; ACCESS TO CLINICS ACT,Passed,26,144,0,6,221,24,0,11,1,0,0,0,248,168,0,17
67,D,103,H RES 374,17-Mar-1994,6:36 PM,On Agreeing to the Resolution,REQUESTING A CONFERENCE ON S. 636; ACCESS TO CLINICS ACT,Passed,29,141,0,6,214,30,0,12,1,0,0,0,244,171,0,18
68,D,103,S 636,17-Mar-1994,7:12 PM,ON MOTION TO TABLE THE HOUSE AMENDMENT,FREEDOM OF ACCESS TO CLINICS ACT,Failed,140,31,0,5,35,208,0,13,0,1,0,0,175,240,0,18
69,D,103,S 636,17-Mar-1994,8:25 PM,COMMIT TO THE COMMITTEE ON JUDICIARY,FREEDOM OF ACCESS TO CLINICS ACT,Failed,135,32,0,9,33,200,0,23,0,1,0,0,168,233,0,32
70,D,103,S 636,17-Mar-1994,8:33 PM,On Passage,FREEDOM OF ACCESS TO CLINICS ACT,Passed,35,133,0,8,201,36,0,19,1,0,0,0,237,169,0,27
71,D,103,S 636,17-Mar-1994,8:58 PM,INSIST ON AMENDMENTS AND ASK FOR CONFERENCE,FREEDOM OF ACCESS TO CLINICS ACT,Passed,31,133,0,12,196,33,0,27,1,0,0,0,228,166,0,39
72,D,103,S 636,17-Mar-1994,9:27 PM,MOTION TO INSTRUCT CONFEREES,FREEDOM OF ACCESS TO CLINICS ACT,Passed,163,0,0,13,234,2,0,20,1,0,0,0,398,2,0,33
73,D,103,H R 6,21-Mar-1994,5:18 PM,On Agreeing to the Amendment,None,Failed,58,105,0,13,0,228,0,33,0,1,0,0,58,334,0,46
74,D,103,H R 6,21-Mar-1994,8:03 PM,On Agreeing to the Amendment,None,Failed,7,161,0,8,163,78,0,20,1,0,0,0,171,239,0,28
75,D,103,H R 6,21-Mar-1994,8:13 PM,On Agreeing to the Amendment,None,Agreed to,166,0,0,10,178,64,0,19,1,0,0,0,345,64,0,29
76,D,103,H R 6,22-Mar-1994,2:50 PM,On Agreeing to the Amendment,None,Agreed to,53,119,0,4,208,47,0,6,1,0,0,0,262,166,0,10
77,D,103,H R 6,22-Mar-1994,2:58 PM,ON AGREEING TO THE AMENDMENT,None,Agreed to,171,1,0,4,235,19,0,7,1,0,0,0,407,20,0,11
78,D,103,H RES 394,22-Mar-1994,4:17 PM,SUSPEND THE RULES AND AGREE,EXPRESSING CONGRESSIONAL OBLIGATION TO INVESTIGATE MATTERS BEFORE THE GOVERNMENT,Passed,172,0,0,4,235,15,0,6,1,0,0,0,408,15,0,10
79,D,103,H RES 369,22-Mar-1994,5:37 PM,On Motion to Recommit with Instructions,COMMITTEE FUNDING RESOLUTION,Failed,170,0,0,6,2,250,0,4,0,1,0,0,172,251,0,10
80,D,103,H RES 369,22-Mar-1994,5:45 PM,On Agreeing to the Resolution,COMMITTEE FUNDING RESOLUTION,Passed,2,168,0,6,247,4,0,5,1,0,0,0,250,172,0,11
81,D,103,H R 4067,22-Mar-1994,6:05 PM,"SUSPEND RULES AND PASS, AS AMENDED",MULTI-FAMILY HOUSING PROPERTY DISPOSAL REFORM ACT,Passed,170,0,0,6,243,8,0,5,0,1,0,0,413,9,0,11
82,D,103,H R 4034,22-Mar-1994,6:16 PM,"SUSPEND THE RULES AND PASS, AS AMENDED",URBAN RECREATION AND AT-RISK YOUTH ACT,Passed,112,56,0,8,248,3,0,5,1,0,0,0,361,59,0,13
83,D,103,MOTION,23-Mar-1994,11:25 AM,On Approving the Journal,None,Passed,19,146,0,11,225,7,0,24,0,0,0,1,244,153,0,36
84,D,103,H RES 395,23-Mar-1994,1:22 PM,On Agreeing to the Resolution,PROVIDING FOR THE CONSIDERATION OF H.R. 4092; TO CONTROL AND PREVENT CRIME,Passed,0,173,0,3,239,2,0,15,1,0,0,0,240,175,0,18
85,D,103,H R 1804,23-Mar-1994,4:29 PM,RECOMMIT CONFERENCE REPORT WITH INSTRUCTIONS,GOALS 2000: EDUCATE AMERICA ACT,Failed,166,8,0,2,29,223,0,4,0,1,0,0,195,232,0,6
86,D,103,H R 1804,23-Mar-1994,4:38 PM,On Agreeing to the Conference Report,GOALS 2000: EDUCATE AMERICA ACT,Passed,59,115,0,2,246,6,0,4,1,0,0,0,306,121,0,6
87,D,103,H RES 388,23-Mar-1994,5:22 PM,On Agreeing to the Resolution,WAIVING POINTS OF ORDER AGAINST THE CONFERENCE REPORT ON H.R. 3345; FEDERAL WORKFORCE RESTRUCTURING ACT,Passed,6,168,0,2,246,2,0,8,1,0,0,0,253,170,0,10
88,D,103,H R 3345,23-Mar-1994,6:57 PM,RECOMMIT CONFERENCE REPORT WITH INSTRUCTIONS,WORKFORCE RESTRUCTURING ACT,Failed,165,9,0,2,1,251,0,4,0,1,0,0,166,261,0,6
89,D,103,H RES 397,24-Mar-1994,1:36 PM,On Agreeing to the Resolution,PROVIDING FOR CONSIDERATION OF A CERTAIN MOTION TO SUSPEND THE RULES,Passed,9,163,0,4,211,39,0,6,1,0,0,0,221,202,0,10
90,D,103,S 349,24-Mar-1994,2:57 PM,"SUSPEND AND PASS AMENDED, AND REQUEST CONFERENCE",DISCLOSURE OF LOBBYING ACTIVITIES,Passed,111,60,0,5,203,50,0,4,1,0,0,0,315,110,0,9
91,D,103,H R 6,24-Mar-1994,5:45 PM,On Agreeing to the Amendment,None,Agreed to,27,139,0,10,196,55,0,10,1,0,0,0,224,194,0,20
92,D,103,H R 6,24-Mar-1994,5:56 PM,ON AGREEING TO THE AMENDMENT,None,Agreed to,155,12,0,9,146,107,0,8,0,1,0,0,301,120,0,17
93,D,103,H R 6,24-Mar-1994,6:50 PM,On Agreeing to the Amendment,None,Failed,149,18,0,9,32,216,0,13,0,1,0,0,181,235,0,22
94,D,103,H R 6,24-Mar-1994,8:28 PM,On Agreeing to the Amendment,None,Failed,164,4,0,8,9,240,0,12,0,1,0,0,173,245,0,20
95,D,103,H R 6,24-Mar-1994,8:51 PM,On Passage,ELEMENTARY AND SECONDARY EDUCATION ACT REAUTHORIZATIONS,Passed,45,124,0,7,243,4,0,9,1,0,0,0,289,128,0,16
96,D,103,H R 4066,12-Apr-1994,4:27 PM,"SUSPEND THE RULES AND PASS, AS AMENDED",DUTY SUSPENSION FOR INTERNATIONAL SPORTS EVENTS IN THE UNITED STATES,Passed,164,0,0,12,241,1,0,13,1,0,0,0,406,1,0,25
97,D,103,H R 3693,12-Apr-1994,4:47 PM,SUSPEND THE RULES AND PASS,BYRON WHITE UNITED STATES COURTHOUSE,Passed,163,0,0,13,244,0,0,11,1,0,0,0,408,0,0,24
98,D,103,MOTION,13-Apr-1994,2:23 PM,On Approving the Journal,None,Passed,21,147,0,8,239,6,0,10,1,0,0,0,261,153,0,18
99,D,103,H R 3770,13-Apr-1994,3:48 PM,SUSPEND THE RULES AND PASS,EDWARD SCHWARTZ COURTHOUSE,Passed,168,1,0,7,248,0,0,7,1,0,0,0,417,1,0,14
100,D,103,H R 3498,13-Apr-1994,3:59 PM,"SUSPEND THE RULES AND PASS, AS AMENDED",GREAT FALLS HISTORIC DISTRICT,Passed,50,120,0,6,237,10,0,8,1,0,0,0,288,130,0,14
101,D,103,H R 2843,13-Apr-1994,4:08 PM,"SUSPEND THE RULES AND PASS, AS AMENDED",WHEELING NATIONAL HERITAGE AREA,Failed,34,136,0,6,229,18,0,8,1,0,0,0,264,154,0,14
102,D,103,S 2004,13-Apr-1994,4:19 PM,SUSPEND THE RULES AND PASS,EXTEND COLLEGE LOAN DEFAULT EXEMPTION,Passed,56,114,0,6,226,22,0,7,1,0,0,0,283,136,0,13
103,D,103,H RES 401,13-Apr-1994,6:01 PM,On Agreeing to the Resolution,PROVIDING FOR THE FURTHER CONSIDERATION OF H.R. 4092; TO CONTROL AND PREVENT CRIME,Passed,0,170,0,6,243,6,0,6,1,0,0,0,244,176,0,12
104,D,103,H R 4092,14-Apr-1994,11:20 AM,ON AGREEING TO THE AMENDMENTS,None,Agreed to,147,23,0,6,247,2,0,11,1,0,0,0,395,25,0,17
105,D,103,MOTION,14-Apr-1994,11:39 AM,On Approving the Journal,None,Passed,12,154,0,10,224,4,0,27,1,0,0,0,237,158,0,37
106,D,103,H R 4092,14-Apr-1994,12:18 PM,On Agreeing to the Amendment,None,Failed,5,164,0,7,102,152,1,5,1,0,0,0,108,316,1,12
107,D,103,H R 4092,14-Apr-1994,1:06 PM,On Agreeing to the Amendment,None,Failed,6,165,0,5,104,149,0,7,1,0,0,0,111,314,0,12
108,D,103,H R 4092,14-Apr-1994,1:40 PM,On Agreeing to the Amendment,None,Agreed to,169,2,1,4,171,84,0,5,0,1,0,0,340,87,1,9
109,D,103,H R 4092,14-Apr-1994,2:22 PM,On Agreeing to the Amendment,None,Agreed to,166,5,1,4,60,192,0,8,0,1,0,0,226,198,1,12
110,D,103,H R 4092,14-Apr-1994,2:57 PM,RISE AND REPORT WITH ENACTING CLAUSE STRICKEN,TO CONTROL AND PREVENT CRIME,Failed,170,1,0,5,0,255,0,5,0,1,0,0,170,257,0,10
111,D,103,H R 4092,14-Apr-1994,3:33 PM,On Agreeing to the Amendment,None,Failed,2,168,1,5,113,140,0,7,1,0,0,0,116,308,1,12
112,D,103,H CON RES 218,14-Apr-1994,5:03 PM,MOTION TO INSTRUCT CONFEREES,CONGRESSIONAL BUDGET FOR F.Y. 1995,Failed,159,6,0,11,43,209,0,4,0,1,0,0,202,216,0,15
113,D,103,H R 2333,18-Apr-1994,5:38 PM,MOTION TO INSTRUCT CONFEREES,STATE DEPARTMENT AUTHORIZATION,Passed,150,0,0,26,207,2,0,46,0,0,0,1,357,2,0,73
114,D,103,H CON RES 222,18-Apr-1994,5:56 PM,SUSPEND THE RULES AND AGREE,AUTHORIZING THE PLACEMENT OF A BUST OF RAOUL WALLENBERG IN THE CAPITOL,Passed,150,0,0,26,208,0,0,47,0,0,0,1,358,0,0,74
115,D,103,MOTION,19-Apr-1994,12:24 PM,On Approving the Journal,None,Passed,19,149,0,8,226,6,0,23,1,0,0,0,246,155,0,31
116,D,103,S 1654,19-Apr-1994,1:26 PM,"SUSPEND THE RULES AND PASS, AS AMENDED",CERTAIN TECHNICAL CORRECTIONS,Passed,167,2,0,7,246,0,0,9,1,0,0,0,414,2,0,16
117,D,103,H R 3813,19-Apr-1994,1:36 PM,"SUSPEND THE RULES AND PASS, AS AMENDED",ENVIRONMENTAL EXPORT PROMOTION ACT OF 1994,Passed,170,0,0,6,246,0,0,9,0,0,0,1,416,0,0,16
118,D,103,S CON RES 31,19-Apr-1994,1:44 PM,SUSPEND THE RULES AND AGREE,CONCERNING THE EMANCIPATION OF THE IRANIAN BAHA’I COMMUNITY,Passed,169,0,0,7,244,0,0,11,1,0,0,0,414,0,0,18
119,D,103,H R 4092,19-Apr-1994,2:46 PM,On Agreeing to the Amendment,None,Agreed to,172,0,0,4,98,158,0,4,0,1,0,0,270,159,0,8
120,D,103,H R 4092,19-Apr-1994,3:43 PM,On Agreeing to the Amendment,None,Failed,0,172,0,4,170,84,0,6,1,0,0,0,171,256,0,10
121,D,103,H R 4092,19-Apr-1994,4:13 PM,RISE AND REPORT WITH ENACTING CLAUSE STRICKEN,TO CONTROL AND PREVENT CRIME,Failed,173,0,0,3,11,245,0,4,0,1,0,0,184,246,0,7
122,D,103,H R 4092,19-Apr-1994,4:48 PM,On Agreeing to the Amendment,None,Agreed to,172,1,0,3,131,124,0,5,0,1,0,0,303,126,0,8
123,D,103,H R 4092,19-Apr-1994,5:29 PM,RISE AND REPORT WITH ENACTING CLAUSE STRICKEN,TO CONTROL AND PREVENT CRIME,Failed,171,0,0,5,9,244,0,7,0,1,0,0,180,245,0,12
124,D,103,H R 4092,19-Apr-1994,6:15 PM,On Agreeing to the Amendment,None,Agreed to,171,1,0,4,205,49,0,6,1,0,0,0,377,50,0,10
125,D,103,H R 4092,19-Apr-1994,7:00 PM,On Agreeing to the Amendment,None,Failed,162,9,0,5,43,206,0,11,0,1,0,0,205,216,0,16
126,D,103,H R 4092,19-Apr-1994,8:06 PM,On Agreeing to the Amendment,None,Agreed to,2,170,0,4,212,36,1,11,1,0,0,0,215,206,1,15
127,D,103,MOTION,20-Apr-1994,10:24 AM,On Approving the Journal,None,Passed,16,145,0,15,219,4,0,32,1,0,0,0,236,149,0,47
128,D,103,H R 2884,20-Apr-1994,11:34 AM,On Agreeing to the Conference Report,SCHOOL TO WORK OPPORTUNITIES ACT,Passed,93,78,0,5,245,1,0,9,1,0,0,0,339,79,0,14
129,D,103,H RES 329,20-Apr-1994,11:56 AM,"SUSPEND THE RULES AND AGREE, AS AMENDED",DESIGNATING 1994 AS THE YEAR TO HONOR AND REMEMBER FORMER SPEAKER THOMAS P. “Tip” O’NEILL,Passed,166,2,0,8,249,0,0,6,1,0,0,0,416,2,0,14
130,D,103,H R 4092,20-Apr-1994,12:33 PM,On Agreeing to the Amendment,None,Agreed to,169,1,0,6,232,21,0,7,1,0,0,0,402,22,0,13
131,D,103,H R 4092,20-Apr-1994,1:22 PM,On Agreeing to the Amendment,None,Failed,164,5,0,7,48,211,0,2,0,1,0,0,212,217,0,9
132,D,103,H R 4092,20-Apr-1994,1:57 PM,RISE AND REPORT WITH ENACTING CLAUSE STRICKEN,TO CONTROL AND PREVENT CRIME,Failed,172,0,0,4,7,249,0,4,0,1,0,0,179,250,0,8
133,D,103,H R 4092,20-Apr-1994,2:28 PM,On Agreeing to the Amendment,None,Agreed to,172,0,0,4,252,3,0,5,1,0,0,0,425,3,0,9
134,D,103,H R 4092,20-Apr-1994,3:05 PM,On Agreeing to the Amendment,None,Agreed to,172,0,0,4,244,12,0,4,1,0,0,0,417,12,0,8
135,D,103,H R 4092,20-Apr-1994,3:36 PM,On Agreeing to the Amendment,None,Agreed to,129,43,0,4,180,73,0,7,1,0,0,0,310,116,0,11
136,D,103,H R 4092,20-Apr-1994,4:30 PM,On Agreeing to the Amendment,None,Agreed to,165,6,0,5,147,109,0,4,0,1,0,0,312,116,0,9
137,D,103,H R 4092,20-Apr-1994,4:40 PM,On Agreeing to the Amendment,None,Failed,15,154,0,7,146,109,0,5,1,0,0,0,162,263,0,12
138,D,103,H R 4092,20-Apr-1994,5:30 PM,ON AGREEING TO THE AMENDMENT,None,Agreed to,44,127,0,5,205,47,0,8,1,0,0,0,250,174,0,13
139,D,103,H R 4092,20-Apr-1994,5:39 PM,On Agreeing to the Amendment,None,Failed,4,165,0,7,76,174,0,10,0,1,0,0,80,340,0,17
140,D,103,MOTION,21-Apr-1994,11:28 AM,On Approving the Journal,None,Passed,18,154,0,4,237,7,0,11,1,0,0,0,256,161,0,15
141,D,103,H R 4092,21-Apr-1994,1:02 PM,On Agreeing to the Amendment,None,Agreed to,169,0,0,7,254,0,0,6,1,0,0,0,424,0,0,13
142,D,103,H R 4092,21-Apr-1994,1:38 PM,On Agreeing to the Amendment,None,Agreed to,170,2,0,4,177,79,0,4,0,1,0,0,347,82,0,8
143,D,103,H R 4092,21-Apr-1994,2:15 PM,On Motion to Recommit with Instructions,TO CONTROL AND PREVENT CRIME,Failed,167,5,0,4,25,229,0,1,0,1,0,0,192,235,0,5
144,D,103,H R 4092,21-Apr-1994,2:32 PM,On Passage,TO CONTROL AND PREVENT CRIME,Passed,65,107,0,4,219,34,0,3,1,0,0,0,285,141,0,7
145,D,103,H R 3355,21-Apr-1994,3:24 PM,ON MOTION TO INSTRUCT CONFEREES,OMNIBUS CRIME CONTROL AND SAFE STREETS ACT,Failed,162,4,0,10,29,217,0,9,0,1,0,0,191,222,0,19
146,D,103,H R 3221,28-Apr-1994,3:23 PM,On Passage,IRAQI CLAIMS ACT,Passed,168,0,0,8,229,5,0,21,1,0,0,0,398,5,0,29
147,D,103,H R 2333,28-Apr-1994,5:07 PM,RECOMMIT CONFERENCE REPORT WITH INSTRUCTIONS,STATE DEPARTMENT AUTHORIZATION,Failed,159,7,0,10,36,201,0,19,0,1,0,0,195,209,0,29
148,D,103,H R 4013,28-Apr-1994,5:29 PM,"SUSPEND THE RULES AND PASS, AS AMENDED",VA HEALTH EXEMPTION FROM FEDERAL WORKFORCE CUTS,Passed,120,44,0,12,161,74,0,20,1,0,0,0,282,118,0,32
149,D,103,H R 3191,3-May-1994,5:28 PM,"SUSPEND THE RULES AND PASS, AS AMENDED",NATIONAL FLOOD INSURANCE REFORM ACT,Passed,102,57,0,17,232,3,0,20,1,0,0,0,335,60,0,37
150,D,103,MOTION,4-May-1994,2:29 PM,On Approving the Journal,None,Passed,20,148,0,8,236,6,0,13,1,0,0,0,257,154,0,21
151,D,103,H R 3254,4-May-1994,4:16 PM,On Agreeing to the Amendment,None,Agreed to,169,3,0,4,58,193,0,9,0,1,0,0,227,197,0,13
152,D,103,H R 3254,4-May-1994,5:09 PM,On Agreeing to the Amendment,None,Agreed to,170,1,0,5,161,88,0,6,0,1,0,0,331,90,0,11
153,D,103,H R 3254,4-May-1994,5:26 PM,On Passage,NATIONAL SCIENCE FOUNDATION AUTHORIZATION,Passed,148,22,0,6,247,0,0,8,1,0,0,0,396,22,0,14
154,D,103,MOTION,5-May-1994,11:26 AM,On Approving the Journal,None,Passed,15,155,0,6,232,5,0,18,1,0,0,0,248,160,0,24
155,D,103,H RES 416,5-May-1994,1:49 PM,On Agreeing to the Resolution,PROVIDING FOR THE CONSIDERATION OF H.R. 4296; PUBLIC SAFETY AND RECREATIONAL FIREARMS USE PROTECTION ACT,Passed,4,171,0,1,215,38,0,2,1,0,0,0,220,209,0,3
156,D,103,H R 4296,5-May-1994,4:58 PM,On Passage,PUBLIC SAFETY AND RECREATION FIREARMS USE PROTECTION ACT,Passed,38,137,0,1,177,77,0,1,1,0,0,0,216,214,0,2
157,D,103,H RES 417,5-May-1994,6:25 PM,On Agreeing to the Resolution,WAIVING POINTS OF ORDER AGAINST THE CONFERENCE REPORT ON S. 636,Passed,21,151,0,4,214,30,0,11,1,0,0,0,236,181,0,15
158,D,103,S 636,5-May-1994,7:44 PM,RECOMMIT CONFERENCE REPORT WITH INSTRUCTIONS,FREEDOM OF ACCESS TO CLINICS ACT,Failed,151,20,0,5,42,201,0,12,0,1,0,0,193,222,0,17
159,D,103,S 636,5-May-1994,7:53 PM,On Agreeing to the Conference Report,FREEDOM OF ACCESS TO CLINICS ACT,Passed,40,131,0,5,200,43,0,12,1,0,0,0,241,174,0,17
160,D,103,H RES 418,5-May-1994,8:35 PM,On Agreeing to the Resolution,WAIVING POINTS OF ORDER AGAINST THE CONFERENCE REPORT ON H. CON. RES. 218,Passed,0,165,0,11,227,3,0,25,1,0,0,0,228,168,0,36
161,D,103,H CON RES 218,5-May-1994,9:27 PM,On Agreeing to the Conference Report,CONGRESSIONAL BUDGET FOR F.Y. 1995,Passed,0,166,0,10,219,17,0,19,1,0,0,0,220,183,0,29
162,D,103,H R 2442,11-May-1994,5:28 PM,On Agreeing to the Amendment,None,Agreed to,43,129,0,4,227,6,0,27,0,0,0,1,270,135,0,32
163,D,103,H R 2442,11-May-1994,6:31 PM,On Agreeing to the Amendment,None,Failed,126,45,0,5,17,216,0,27,0,0,0,1,143,261,0,33
164,D,103,H R 2442,12-May-1994,11:47 AM,On Agreeing to the Amendment,None,Failed,90,82,0,4,7,236,0,17,0,1,0,0,97,319,0,21
165,D,103,H R 2442,12-May-1994,12:35 PM,On Agreeing to the Amendment,None,Failed,144,28,0,4,27,215,0,18,0,1,0,0,171,244,0,22
166,D,103,H R 2442,12-May-1994,1:16 PM,On Agreeing to the Amendment,None,Failed,161,13,0,2,23,225,0,12,0,1,0,0,184,239,0,14
167,D,103,H R 2442,12-May-1994,1:50 PM,On Agreeing to the Amendment,None,Agreed to,172,0,0,4,237,10,0,13,1,0,0,0,410,10,0,17
168,D,103,H R 2442,12-May-1994,2:18 PM,On Passage,ECONOMIC DEVELOPMENT ADMINISTRATION REAUTHORIZATION,Passed,88,84,0,4,239,5,0,11,1,0,0,0,328,89,0,15
169,D,103,H R 4278,12-May-1994,2:42 PM,SUSPEND THE RULES AND PASS,SOCIAL SECURITY ACT AMENDMENTS OF 1994,Passed,173,0,0,3,246,0,0,9,1,0,0,0,420,0,0,12
170,D,103,S 2000,12-May-1994,4:39 PM,On Agreeing to the Conference Report,HUMAN SERVICES AMENDMENTS OF 1994,Passed,149,20,0,7,243,0,0,12,1,0,0,0,393,20,0,19
171,D,103,MOTION,17-May-1994,12:25 PM,On Approving the Journal,None,Passed,17,154,0,5,220,4,0,31,1,0,0,0,238,158,0,36
172,D,103,H R 2473,17-May-1994,3:37 PM,On Agreeing to the Amendment,None,Failed,150,25,0,2,32,218,0,10,0,1,0,0,182,244,0,12
173,D,103,H R 2473,17-May-1994,4:48 PM,On Agreeing to the Amendment,None,Failed,32,141,0,4,109,142,0,9,1,0,0,0,142,283,0,13
174,D,103,H R 2473,17-May-1994,5:12 PM,On Passage,MONTANA WILDERNESS ACT,Passed,65,106,0,6,242,5,0,8,1,0,0,0,308,111,0,14
175,D,103,H RES 422,17-May-1994,6:25 PM,On Ordering the Previous Question,PROVIDING FOR THE CONSIDERATION OF H.R. 518,Passed,1,171,0,5,243,1,0,11,1,0,0,0,245,172,0,16
176,D,103,H RES 422,17-May-1994,6:35 PM,On Agreeing to the Resolution,PROVIDING FOR THE CONSIDERATION OF H.R. 518,Passed,7,165,0,5,240,0,0,15,1,0,0,0,248,165,0,20
177,D,103,H R 4277,17-May-1994,6:51 PM,"SUSPEND THE RULES AND PASS, AS AMENDED",INDEPENDENT SOCIAL SECURITY ADMINISTRATION AND OTHER PROGRAM CHANGES,Passed,172,0,0,5,240,0,0,15,1,0,0,0,413,0,0,20
178,D,103,H RES 429,18-May-1994,2:01 PM,ON AGREEING TO THE RESOLUTION,PROVIDING FOR THE CONSIDERATION OF H.R. 4301; DEPARTMENT OF DEFENSE AUTHORIZATION,Passed,124,49,0,4,244,0,0,11,1,0,0,0,369,49,0,15
179,D,103,H R 4301,18-May-1994,5:49 PM,On Agreeing to the Amendment,None,Failed,15,160,0,2,139,111,0,10,1,0,0,0,155,271,0,12
180,D,103,H R 4301,18-May-1994,6:58 PM,On Agreeing to the Amendment,None,Failed,23,152,0,2,139,108,0,13,1,0,0,0,163,260,0,15
181,D,103,H R 2108,19-May-1994,1:45 PM,On Agreeing to the Amendment,None,Failed,154,17,0,6,35,216,0,9,0,1,0,0,189,234,0,15
182,D,103,H R 2108,19-May-1994,2:42 PM,On Agreeing to the Amendment,None,Failed,156,15,0,6,25,222,0,13,0,1,0,0,181,238,0,19
183,D,103,H R 2108,19-May-1994,3:20 PM,On Agreeing to the Amendment,None,Failed,162,11,0,4,14,238,0,8,0,1,0,0,176,250,0,12
184,D,103,H R 2108,19-May-1994,4:26 PM,On Agreeing to the Amendment,None,Failed,160,15,0,2,2,249,0,9,0,1,0,0,162,265,0,11
185,D,103,H R 2108,19-May-1994,5:13 PM,On Agreeing to the Amendment,None,Failed,158,14,0,5,8,243,0,9,0,1,0,0,166,258,0,14
186,D,103,H R 2108,19-May-1994,5:34 PM,On Passage,BLACK LUNG BENEFITS RESTORATION ACT,Passed,23,148,0,6,228,18,0,9,1,0,0,0,252,166,0,15
187,D,103,H R 4301,19-May-1994,7:14 PM,On Agreeing to the Amendment,None,Agreed to,78,92,0,7,189,52,0,19,1,0,0,0,268,144,0,26
188,D,103,H R 4301,20-May-1994,11:29 AM,On Agreeing to the Amendment,None,Agreed to,135,26,0,16,91,142,0,27,0,1,0,0,226,169,0,43
189,D,103,H R 4301,20-May-1994,12:15 PM,On Agreeing to the Amendment,None,Failed,35,128,0,14,130,101,0,29,1,0,0,0,166,229,0,43
190,D,103,H R 4301,20-May-1994,1:14 PM,On Agreeing to the Amendment,None,Failed,25,136,0,16,149,81,0,30,1,0,0,0,175,217,0,46
191,D,103,H R 4301,23-May-1994,6:27 PM,On Agreeing to the Amendment,None,Agreed to,162,1,0,14,109,124,0,27,0,1,0,0,271,126,0,41
192,D,103,H R 4301,23-May-1994,7:21 PM,On Agreeing to the Amendment,None,Failed,20,143,0,14,104,130,0,26,1,0,0,0,125,273,0,40
193,D,103,H R 4453,24-May-1994,1:24 PM,On Passage,MILITARY CONSTRUCTION APPROPRIATIONS,Passed,140,33,0,4,239,9,0,7,1,0,0,0,380,42,0,11
194,D,103,H R 4301,24-May-1994,2:48 PM,On Agreeing to the Amendment,None,Failed,40,135,0,2,28,226,0,6,0,1,0,0,68,362,0,8
195,D,103,H R 4301,24-May-1994,5:10 PM,On Agreeing to the Amendment,None,Agreed to,152,23,0,2,178,76,0,6,0,1,0,0,330,100,0,8
196,D,103,H R 4301,24-May-1994,7:14 PM,On Agreeing to the Amendment,None,Failed,6,167,0,4,184,69,0,7,1,0,0,0,191,236,0,11
197,D,103,H R 4301,24-May-1994,7:25 PM,On Agreeing to the Amendment,None,Agreed to,169,3,0,5,54,197,0,9,0,1,0,0,223,201,0,14
198,D,103,H R 4301,24-May-1994,9:03 PM,On Agreeing to the Amendment,None,Failed,164,6,0,7,27,214,0,19,0,1,0,0,191,221,0,26
199,D,103,H R 4385,25-May-1994,12:58 PM,On Agreeing to the Amendment,None,Failed,32,142,0,3,32,221,0,7,0,1,0,0,64,364,0,10
200,D,103,H R 4385,25-May-1994,1:25 PM,On Passage,NATIONAL HIGHWAY SYSTEM DESIGNATION,Passed,161,11,0,5,250,1,0,4,1,0,0,0,412,12,0,9
201,D,103,H RES 441,25-May-1994,1:59 PM,On Agreeing to the Resolution,WAIVING TWO-THIRDS REQUIREMENT FOR CONSIDERATION OF A CERTAIN RULE FILED THE SAME DAY,Passed,4,169,0,4,241,5,0,9,1,0,0,0,246,174,0,13
202,D,103,H RES 443,25-May-1994,3:21 PM,On Ordering the Previous Question,"PROVIDING FOR THE CONSIDERATION OF H.R. 4426; FOREIGN OPERATIONS APPROPRIATION, F.Y.1995",Passed,0,175,0,2,232,16,0,7,1,0,0,0,233,191,0,9
203,D,103,H RES 443,25-May-1994,3:39 PM,On Agreeing to the Resolution,"PROVIDING FOR THE CONSIDERATION OF H.R. 4426; FOREIGN OPERATIONS APPROPRIATION, F.Y.1995",Passed,1,173,0,3,242,8,0,5,1,0,0,0,244,181,0,8
204,D,103,H R 4426,25-May-1994,4:53 PM,On Agreeing to the Amendment,None,Agreed to,174,0,0,3,251,1,0,8,1,0,0,0,426,1,0,11
205,D,103,H R 4426,25-May-1994,5:57 PM,On Agreeing to the Amendment,None,Failed,111,63,0,3,32,223,0,5,1,0,0,0,144,286,0,8
206,D,103,H R 4426,25-May-1994,8:28 PM,On Agreeing to the Amendment,None,Failed,99,73,0,5,4,247,0,9,0,1,0,0,103,321,0,14
207,D,103,H R 4426,25-May-1994,9:24 PM,On Agreeing to the Amendment,None,Failed,7,166,0,4,46,205,0,9,1,0,0,0,54,371,0,13
208,D,103,H R 4426,25-May-1994,9:53 PM,On Passage,FOREIGN OPERATIONS APPROPRIATIONS FOR FISCAL YEAR 1995,Passed,112,61,0,4,225,25,0,5,0,1,0,0,337,87,0,9
209,D,103,MOTION,26-May-1994,10:21 AM,On Approving the Journal,None,Passed,16,147,0,14,221,5,0,29,1,0,0,0,238,152,0,43
210,D,103,H RES 444,26-May-1994,12:26 PM,On Agreeing to the Resolution,"PROVIDING FOR THE CONSIDERATION OF H.R. 4454; LEGISLATIVE BRANCH APPROPRIATIONS, F.Y. 1995",Passed,0,174,0,4,248,3,0,4,1,0,0,0,249,177,0,8
211,D,103,H R 4454,26-May-1994,2:05 PM,On Agreeing to the Amendment,None,Agreed to,175,0,0,3,207,46,0,7,1,0,0,0,383,46,0,10
212,D,103,H R 4454,26-May-1994,2:15 PM,On Agreeing to the Amendment,None,Agreed to,170,2,0,6,204,46,0,10,1,0,0,0,375,48,0,16
213,D,103,H R 4454,26-May-1994,3:41 PM,On Agreeing to the Amendment,None,Failed,161,11,0,6,32,220,0,8,0,1,0,0,193,232,0,14
214,D,103,H R 4454,26-May-1994,4:19 PM,On Agreeing to the Amendment,None,Failed,156,18,0,4,31,219,0,10,0,1,0,0,187,238,0,14
215,D,103,H R 4454,26-May-1994,4:47 PM,On Motion to Recommit with Instructions,LEGISLATIVE BRANCH APPROPRIATIONS FOR FISCAL YEAR 1995,Failed,172,0,0,6,5,240,0,10,0,1,0,0,177,241,0,16
216,D,103,H R 4454,26-May-1994,5:06 PM,On Passage,LEGISLATIVE BRANCH APPROPRIATIONS FOR FISCAL YEAR 1995,Passed,2,170,0,6,207,35,0,13,1,0,0,0,210,205,0,19
217,D,103,H R 4301,8-Jun-1994,6:11 PM,On Agreeing to the Amendment,None,Agreed to,171,0,0,7,243,1,0,16,1,0,0,0,415,1,0,23
218,D,103,H R 4301,8-Jun-1994,6:23 PM,On Agreeing to the Amendment,None,Agreed to,30,141,0,7,232,15,0,13,1,0,0,0,263,156,0,20
219,D,103,H R 4301,8-Jun-1994,6:31 PM,On Agreeing to the Amendment,None,Agreed to,27,144,0,7,199,48,0,13,1,0,0,0,227,192,0,20
220,D,103,H R 4301,8-Jun-1994,6:39 PM,On Agreeing to the Amendment,None,Failed,5,166,0,7,62,183,0,15,1,0,0,0,68,349,0,22
221,D,103,H R 4301,8-Jun-1994,6:48 PM,On Agreeing to the Amendment,None,Agreed to,170,0,0,8,243,3,0,14,1,0,0,0,414,3,0,22
222,D,103,H R 4301,9-Jun-1994,1:03 PM,On Agreeing to the Amendment,None,Agreed to,127,45,0,6,117,132,0,11,0,1,0,0,244,178,0,17
223,D,103,H R 4301,9-Jun-1994,2:47 PM,On Agreeing to the Amendment,None,Failed,37,136,0,5,143,106,0,11,1,0,0,0,181,242,0,16
224,D,103,H R 4301,9-Jun-1994,3:25 PM,On Agreeing to the Amendment,None,Failed,171,3,0,4,24,222,0,9,0,1,0,0,195,226,0,13
225,D,103,H R 4301,9-Jun-1994,3:59 PM,On Motion to Recommit with Instructions,DEPARTMENT OF DEFENSE AUTHORIZATION,Failed,173,1,0,4,12,235,0,8,0,1,0,0,185,237,0,12
226,D,103,H R 4301,9-Jun-1994,4:18 PM,On Passage,DEPARTMENT OF DEFENSE AUTHORIZATION,Passed,31,143,0,4,229,14,0,12,0,1,0,0,260,158,0,16
227,D,103,H RES 447,9-Jun-1994,5:52 PM,On Agreeing to the Resolution,"PROVIDING FOR THE CONSIDERATION OF H.R. 4539; TREASURY, POSTAL APPROPRIATIONS FOR FY 1995",Passed,0,171,0,7,235,6,0,14,1,0,0,0,236,177,0,21
228,D,103,H RES 450,9-Jun-1994,7:18 PM,On Agreeing to the Resolution,A RESOLUTION RELATING TO THE PRIVILEGES OF THE HOUSE,Passed,168,0,0,10,230,2,0,23,1,0,0,0,399,2,0,33
229,D,103,H R 518,10-Jun-1994,12:06 PM,ON AGREEING TO THE AMENDMENT,None,Agreed to,165,0,0,13,231,1,0,28,0,0,0,1,396,1,0,42
230,D,103,H R 518,10-Jun-1994,1:15 PM,On Agreeing to the Amendment,None,Agreed to,164,0,0,14,225,0,0,35,0,0,0,1,389,0,0,50
231,D,103,H R 518,10-Jun-1994,2:57 PM,On Agreeing to the Amendment,None,Failed,135,20,0,23,34,171,0,55,0,0,0,1,169,191,0,79
232,D,103,H R 518,13-Jun-1994,5:41 PM,On Agreeing to the Amendment,None,Agreed to,151,0,0,27,208,0,0,52,1,0,0,0,360,0,0,79
233,D,103,H R 518,13-Jun-1994,6:33 PM,ON AGREEING TO THE AMENDMENT,None,Failed,18,139,0,21,164,50,0,46,1,0,0,0,183,189,0,67
234,D,103,H R 4506,14-Jun-1994,3:12 PM,On Agreeing to the Amendment,None,Failed,67,109,0,2,120,132,0,8,1,0,0,0,188,241,0,10
235,D,103,H R 4506,14-Jun-1994,4:34 PM,On Passage,ENERGY AND WATER APPROPRIATIONS FOR FY 1995,Passed,148,27,0,3,244,2,0,9,1,0,0,0,393,29,0,12
236,D,103,H R 4539,15-Jun-1994,12:56 PM,On Agreeing to the Amendment,None,Failed,160,16,0,2,8,245,0,7,0,1,0,0,168,262,0,9
237,D,103,H R 4539,15-Jun-1994,2:37 PM,On Agreeing to the Amendment,None,Failed,143,34,0,1,4,252,0,4,0,1,0,0,147,287,0,5
238,D,103,H R 4539,15-Jun-1994,3:15 PM,On Agreeing to the Amendment,None,Failed,174,2,0,2,21,233,0,6,0,1,0,0,195,236,0,8
239,D,103,H R 4539,15-Jun-1994,4:08 PM,On Agreeing to the Amendment,None,Failed,174,3,0,1,26,232,0,2,0,1,0,0,200,236,0,3
240,D,103,H R 4539,15-Jun-1994,5:44 PM,On Agreeing to the Amendment,None,Agreed to,158,20,0,0,64,190,0,6,1,0,0,0,223,210,0,6
241,D,103,H R 4539,15-Jun-1994,6:33 PM,On Agreeing to the Amendment,None,Agreed to,172,4,0,2,59,192,0,9,0,1,0,0,231,197,0,11
242,D,103,H R 4539,15-Jun-1994,7:27 PM,On Agreeing to the Amendment,None,Agreed to,67,107,0,4,234,13,0,13,1,0,0,0,302,120,0,17
243,D,103,H R 4539,15-Jun-1994,7:36 PM,On Agreeing to the Amendment,None,Agreed to,159,12,0,7,233,10,0,17,1,0,0,0,393,22,0,24
244,D,103,H R 4539,15-Jun-1994,9:26 PM,On Agreeing to the Amendment,None,Failed,132,40,0,6,13,230,0,17,0,1,0,0,145,271,0,23
245,D,103,H R 4539,15-Jun-1994,10:19 PM,On Agreeing to the Amendment,None,Failed,129,45,0,4,7,230,0,23,0,1,0,0,136,276,0,27
246,D,103,H R 4539,15-Jun-1994,10:51 PM,ON MOTION TO RISE AND REPORT,"TREASURY, POSTAL SERVICE, PRESIDENT, AND INDEPENDENT AGENCIES APPROPRIATION FOR F.Y. 1995",Passed,0,175,0,3,244,0,0,16,1,0,0,0,245,175,0,19
247,D,103,H R 4539,15-Jun-1994,11:13 PM,On Passage,"TREASURY, POSTAL SERVICE, PRESIDENT, AND INDEPENDENT AGENCIES APPROPRIATION FOR F.Y. 1995",Passed,51,123,0,4,224,16,0,15,1,0,0,0,276,139,0,19
248,D,103,H RES 454,16-Jun-1994,12:09 PM,On Ordering the Previous Question,WAIVING CERTAIN POINTS OF ORDER AGAINST H.R. 4556,Passed,0,174,0,4,240,3,0,12,1,0,0,0,241,177,0,16
249,D,103,H RES 454,16-Jun-1994,12:18 PM,On Agreeing to the Resolution,WAIVING CERTAIN POINTS OF ORDER AGAINST H.R. 4556,Passed,0,176,0,2,238,4,0,13,1,0,0,0,239,180,0,15
250,D,103,H R 4556,16-Jun-1994,4:24 PM,On Agreeing to the Amendment,None,Agreed to,168,8,0,2,66,183,0,11,0,1,0,0,234,192,0,13
251,D,103,H R 4556,16-Jun-1994,5:16 PM,On Agreeing to the Amendment,None,Failed,94,81,0,3,9,244,0,7,0,1,0,0,103,326,0,10
252,D,103,H R 4556,16-Jun-1994,5:49 PM,On Passage,"TRANSPORTATION AND RELATED AGENCIES APPROPRIATION, FY1995",Passed,122,51,0,5,240,8,0,7,1,0,0,0,363,59,0,12
253,D,103,H R 3355,16-Jun-1994,6:58 PM,ON MOTION TO INSTRUCT CONFEREES,CRIME CONTROL AND PREVENTION,Passed,165,6,0,7,99,142,0,14,0,1,0,0,264,149,0,21
254,D,103,H R 4554,17-Jun-1994,10:40 AM,On Agreeing to the Amendment,None,Failed,129,35,0,14,10,228,0,22,0,1,0,0,139,264,0,36
255,D,103,H R 4554,17-Jun-1994,12:12 PM,ON MOTION TO RISE AND REPORT,"AGRICULTURE AND RELATED AGENCIES APPROPRIATION, FY1995",Passed,12,146,0,20,219,0,0,41,1,0,0,0,232,146,0,61
256,D,103,H R 4554,17-Jun-1994,12:32 PM,On Passage,"AGRICULTURE AND RELATED AGENCIES APPROPRIATION, FY1995",Passed,42,125,0,11,235,2,0,18,1,0,0,0,278,127,0,29
257,D,103,H RES 439,21-Jun-1994,2:01 PM,On Agreeing to the Resolution,WAIVING POINTS OF ORDER AGAIN ST CONFERENCE REPORT ON S.24; INDEPENENT COUNSEL REAUTHORIZATION,Passed,0,170,0,8,242,1,0,12,1,0,0,0,243,171,0,20
258,D,103,S 24,21-Jun-1994,3:14 PM,On Agreeing to the Conference Report,INDEPENDENT COUNSEL REAUTHORIZATION,Passed,77,100,0,1,239,5,0,11,1,0,0,0,317,105,0,12
259,D,103,H R 4568,21-Jun-1994,3:48 PM,On Passage,HUD SUPPLEMENTAL APPROPRIATIONS FOR FY 1994,Passed,167,9,0,2,242,0,0,13,1,0,0,0,410,9,0,15
260,D,103,H R 4602,22-Jun-1994,2:34 PM,On Agreeing to the Amendment,None,Failed,128,48,0,2,41,210,1,8,0,1,0,0,169,259,1,10
261,D,103,H R 4602,22-Jun-1994,4:02 PM,On Agreeing to the Amendment,None,Failed,149,24,0,5,22,232,0,6,0,1,0,0,171,257,0,11
262,D,103,H R 4602,22-Jun-1994,4:36 PM,On Agreeing to the Amendment,None,Failed,121,54,0,3,25,227,0,8,0,1,0,0,146,282,0,11
263,D,103,H R 4602,22-Jun-1994,5:49 PM,On Agreeing to the Amendment,None,Failed,97,78,0,3,16,234,0,10,0,1,0,0,113,313,0,13
264,D,103,H R 3355,22-Jun-1994,6:40 PM,ON MOTION TO INSTRUCT CONFEREES,CRIME CONTROL AND PREVENTION,Passed,173,1,0,4,165,79,0,11,0,1,0,0,338,81,0,15
265,D,103,H R 4602,23-Jun-1994,11:35 AM,On Agreeing to the Amendment,None,Failed,113,64,0,1,19,232,0,9,0,1,0,0,132,297,0,10
266,D,103,H R 4602,23-Jun-1994,12:47 PM,On Agreeing to the Amendment,None,Agreed to,36,141,0,1,203,48,0,9,1,0,0,0,240,189,0,10
267,D,103,H R 4602,23-Jun-1994,1:09 PM,On Agreeing to the Amendment,None,Agreed to,14,163,0,1,203,51,0,6,1,0,0,0,218,214,0,7
268,D,103,H R 4602,23-Jun-1994,1:34 PM,On Agreeing to the Amendment,None,Failed,11,165,0,2,198,51,0,6,1,0,0,0,210,216,0,8
269,D,103,H R 4602,23-Jun-1994,1:53 PM,On Agreeing to the Amendment,None,Agreed to,14,162,0,2,207,42,0,11,1,0,0,0,222,204,0,13
270,D,103,H R 4602,23-Jun-1994,2:06 PM,On Agreeing to the Amendment,None,Agreed to,171,2,0,5,208,39,0,13,1,0,0,0,380,41,0,18
271,D,103,H R 4602,23-Jun-1994,3:04 PM,On Agreeing to the Amendment,None,Failed,107,66,0,5,74,176,0,10,1,0,0,0,182,242,0,15
272,D,103,H R 4602,23-Jun-1994,3:43 PM,On Passage,INTERIOR APPROPRIATIONS FOR F.Y. 1995,Passed,95,78,0,5,242,7,0,6,1,0,0,0,338,85,0,11
273,D,103,H RES 461,23-Jun-1994,4:54 PM,On Agreeing to the Resolution,WAIVING CERTAIN POINTS OF ORDER AGAINST H.R. 4603,Passed,0,174,0,4,242,3,0,10,1,0,0,0,243,177,0,14
274,D,103,H R 3355,23-Jun-1994,7:33 PM,ON MOTION TO INSTRUCT CONFEREES,CRIME CONTROL AND PREVENTION,Failed,141,27,0,10,2,219,0,34,0,1,0,0,143,247,0,44
275,D,103,H R 4603,24-Jun-1994,10:02 AM,On Agreeing to the Amendment,None,Failed,149,13,0,16,22,198,0,40,0,1,0,0,171,212,0,56
276,D,103,H R 4603,24-Jun-1994,11:25 AM,On Agreeing to the Amendment,None,Failed,149,16,0,13,11,224,0,25,0,1,0,0,160,241,0,38
277,D,103,H R 4603,24-Jun-1994,1:09 PM,On Agreeing to the Amendment,None,Failed,146,9,0,23,44,182,0,34,0,1,0,0,190,192,0,57
278,D,103,H R 4603,24-Jun-1994,1:32 PM,On Agreeing to the Amendment,None,Failed,144,5,0,29,40,178,0,37,0,1,0,0,184,184,0,66
279,D,103,H R 4603,27-Jun-1994,3:58 PM,On Agreeing to the Amendment,None,Failed,132,29,0,17,24,200,0,36,0,1,0,0,156,230,0,53
280,D,103,H R 4603,27-Jun-1994,4:35 PM,On Agreeing to the Amendment,None,Failed,139,22,0,17,22,204,0,34,0,1,0,0,161,227,0,51
281,D,103,H R 4603,27-Jun-1994,5:09 PM,On Agreeing to the Amendment,None,Failed,102,61,0,15,8,220,0,32,0,1,0,0,110,282,0,47
282,D,103,H R 4603,27-Jun-1994,5:44 PM,On Agreeing to the Amendment,None,Failed,109,58,0,11,19,213,0,28,0,1,0,0,128,272,0,39
283,D,103,H R 4603,27-Jun-1994,8:39 PM,On Agreeing to the Amendment,None,Failed,49,118,0,11,39,199,0,22,1,0,0,0,89,317,0,33
284,D,103,H R 4603,27-Jun-1994,8:48 PM,On Agreeing to the Amendment,None,Agreed to,157,11,0,10,127,110,0,23,0,1,0,0,284,122,0,33
285,D,103,H R 4603,27-Jun-1994,8:58 PM,On Agreeing to the Amendment,None,Agreed to,152,16,0,10,115,123,0,22,1,0,0,0,268,139,0,32
286,D,103,H R 4603,27-Jun-1994,9:05 PM,On Agreeing to the Amendment,None,Agreed to,155,13,0,10,162,76,0,22,1,0,0,0,318,89,0,32
287,D,103,H R 4603,27-Jun-1994,10:34 PM,On Agreeing to the Amendment,None,Failed,100,68,0,10,48,187,0,25,0,1,0,0,148,256,0,35
288,D,103,H R 4603,27-Jun-1994,11:55 PM,On Agreeing to the Amendment,None,Failed,165,4,0,9,13,223,0,24,0,1,0,0,178,228,0,33
289,D,103,H R 4603,27-Jun-1994,11:59 PM,On Agreeing to the Amendment,None,Agreed to,168,0,0,10,198,36,1,25,0,1,0,0,366,37,1,35
290,D,103,H R 4603,27-Jun-1994,11:59 PM,On Motion to Recommit with Instructions,"COMMERCE, STATE, JUSTICE, JUDICIARY APPROPRIATIONS, FY 1995",Failed,166,3,0,9,19,210,0,26,0,1,0,0,185,214,0,35
291,D,103,H R 4603,27-Jun-1994,11:59 PM,On Passage,"COMMERCE, STATE, JUSTICE, JUDICIARY APPROPRIATIONS, FY 1995",Passed,68,101,0,9,217,11,0,27,1,0,0,0,286,112,0,36
292,D,103,H R 3626,28-Jun-1994,2:49 PM,"SUSPEND THE RULES AND PASS, AS AMENDED .",ANTITRUST AND COMMUNICATIONS REFORM ACT OF 1994,Passed,173,1,0,4,249,4,0,2,1,0,0,0,423,5,0,6
293,D,103,H R 3636,28-Jun-1994,3:01 PM,"SUSPEND THE RULES AND PASS, AS AMENDED",NATIONAL COMMUNICATIONS COMPETITION AND INFORMATION INFRASTRUCTURE ACT OF 1994,Passed,174,1,0,3,248,3,0,4,1,0,0,0,423,4,0,7
294,D,103,H R 4606,28-Jun-1994,6:04 PM,On Agreeing to the Amendment,None,Agreed to,171,2,0,5,53,202,0,5,0,1,0,0,224,205,0,10
295,D,103,H R 4606,28-Jun-1994,8:26 PM,On Agreeing to the Amendment,None,Failed,162,8,0,8,26,224,0,10,0,1,0,0,188,233,0,18
296,D,103,QUORUM 296,28-Jun-1994,9:58 PM,Call in Committee,None,Passed,0,0,171,7,0,0,241,19,0,0,1,0,0,0,413,26
297,D,103,H R 4606,28-Jun-1994,10:04 PM,On Agreeing to the Amendment,None,Failed,156,17,0,5,38,214,0,8,0,1,0,0,194,232,0,13
298,D,103,H R 4606,28-Jun-1994,10:13 PM,On Agreeing to the Amendment,None,Failed,23,150,0,5,12,242,0,6,0,1,0,0,35,393,0,11
299,D,103,H R 4606,28-Jun-1994,10:20 PM,On Agreeing to the Amendment,None,Agreed to,170,3,0,5,148,106,0,6,1,0,0,0,319,109,0,11
300,D,103,H R 4606,28-Jun-1994,10:27 PM,On Agreeing to the Amendment,None,Failed,41,132,0,5,1,251,0,8,0,1,0,0,42,384,0,13
301,D,103,H R 4606,29-Jun-1994,12:04 PM,On Agreeing to the Amendment,None,Failed,12,163,0,3,50,202,0,8,1,0,0,0,63,365,0,11
302,D,103,H R 4606,29-Jun-1994,12:31 PM,On Agreeing to the Amendment,None,Failed,173,3,0,2,38,213,0,4,0,1,0,0,211,217,0,6
303,D,103,H R 4606,29-Jun-1994,1:04 PM,On Motion to Recommit with Instructions,LABOR HHS EDUCATION APPROPRIATIONS FOR FY 1995,Failed,177,0,0,1,29,223,0,3,0,1,0,0,206,224,0,4
304,D,103,H R 4606,29-Jun-1994,1:14 PM,On Passage,LABOR HHS EDUCATION APPROPRIATIONS FOR FY 1995,Passed,92,85,0,1,246,4,0,5,1,0,0,0,339,89,0,6
305,D,103,H RES 466,29-Jun-1994,2:30 PM,On Ordering the Previous Question,WAIVING POINTS OF ORDER AGAINST H.R. 4649; DISTRICT OF COLUMBIA APPROPRIATIONS FOR F.Y. 1995,Passed,0,177,0,1,250,0,0,5,1,0,0,0,251,177,0,6
306,D,103,H RES 466,29-Jun-1994,2:38 PM,On Agreeing to the Resolution,WAIVING POINTS OF ORDER AGAINST H.R. 4649; DISTRICT OF COLUMBIA APPROPRIATIONS FOR F.Y. 1995,Passed,0,176,0,2,235,12,0,8,1,0,0,0,236,188,0,10
307,D,103,H R 4624,29-Jun-1994,4:50 PM,On Agreeing to the Amendment,None,Failed,148,29,0,1,14,239,0,7,0,1,0,0,162,269,0,8
308,D,103,H R 4624,29-Jun-1994,6:14 PM,On Agreeing to the Amendment,None,Failed,148,28,0,2,21,235,0,4,0,1,0,0,169,264,0,6
309,D,103,H R 4624,29-Jun-1994,9:10 PM,On Agreeing to the Amendment,None,Failed,40,136,0,2,114,142,0,4,1,0,0,0,155,278,0,6
310,D,103,H R 4624,29-Jun-1994,9:42 PM,MOTION TO RISE AND REPORT,"VA, HUD, INDEPENDENT AGENCIES APPROPRIATIONS, FY 1995",Passed,12,161,0,5,248,2,0,10,1,0,0,0,261,163,0,15
311,D,103,H R 4624,29-Jun-1994,10:17 PM,On Motion to Recommit with Instructions,"VA, HUD, INDEPENDENT AGENCIES APPROPRIATIONS, FY 1995",Failed,166,8,1,3,0,253,0,2,0,1,0,0,166,262,1,5
312,D,103,H R 4624,29-Jun-1994,10:29 PM,On Passage,"VA, HUD, INDEPENDENT AGENCIES APPROPRIATIONS, FY 1995",Passed,102,73,0,3,241,11,0,3,1,0,0,0,344,84,0,6
313,D,103,H R 4650,29-Jun-1994,11:16 PM,On Passage,"DEPARTMENT OF DEFENSE APPROPRIATIONS, FY 1995",Passed,101,72,0,5,229,18,0,8,0,1,0,0,330,91,0,13
314,D,103,H R 3355,29-Jun-1994,11:59 PM,ON MOTION TO INSTRUCT CONFEREES,CRIME CONTROL AND PREVENTION,Passed,171,1,0,6,177,60,0,18,0,1,0,0,348,62,0,24
315,D,103,H R 518,12-Jul-1994,2:31 PM,On Agreeing to the Amendment,None,Failed,27,136,0,15,163,71,0,26,0,0,0,1,190,207,0,42
316,D,103,H R 518,12-Jul-1994,4:42 PM,On Agreeing to the Amendment,None,Agreed to,146,26,0,6,92,157,0,11,1,0,0,0,239,183,0,17
317,D,103,H R 518,12-Jul-1994,6:12 PM,On Agreeing to the Amendment,None,Failed,132,38,0,8,13,235,0,12,0,1,0,0,145,274,0,20
318,D,103,MOTION,13-Jul-1994,10:25 AM,On Approving the Journal,None,Passed,17,145,0,16,223,4,0,28,1,0,0,0,241,149,0,44
319,D,103,H R 518,13-Jul-1994,12:16 PM,On Agreeing to the Amendment,None,Agreed to,172,0,0,6,246,0,0,14,1,0,0,0,419,0,0,20
320,D,103,H R 4649,13-Jul-1994,3:27 PM,ON MOTION TO RISE AND REPORT,DISTRICT OF COLUMBIA APPROPRIATIONS FOR F.Y. 1995,Failed,4,170,0,4,187,66,0,7,1,0,0,0,192,236,0,11
321,D,103,H R 4649,13-Jul-1994,4:33 PM,On Agreeing to the Amendment,None,Agreed to,160,15,0,3,91,160,0,9,0,1,0,0,251,176,0,12
322,D,103,H R 4649,13-Jul-1994,4:54 PM,On Passage,DISTRICT OF COLUMBIA APPROPRIATIONS FOR F.Y. 1995,Passed,14,161,0,3,198,49,0,8,1,0,0,0,213,210,0,11
323,D,103,H R 3355,13-Jul-1994,6:07 PM,ON MOTION TO INSTRUCT CONFEREES,CRIME CONTROL AND PREVENTION,Passed,173,0,0,5,233,13,0,9,1,0,0,0,407,13,0,14
324,D,103,H R 3355,13-Jul-1994,7:43 PM,ON MOTION TO INSTRUCT CONFEREES,CRIME CONTROL AND PREVENTION,Passed,164,4,0,10,125,116,0,14,0,1,0,0,289,121,0,24
325,D,103,H R 518,14-Jul-1994,1:57 PM,On Agreeing to the Amendment,None,Agreed to,160,16,0,2,121,131,0,8,0,1,0,0,281,148,0,10
326,D,103,H RES 467,14-Jul-1994,3:20 PM,On Ordering the Previous Question,PROVIDING FOR THE CONSIDERATION OF H.R. 4600,Passed,0,175,0,3,239,10,0,6,1,0,0,0,240,185,0,9
327,D,103,H R 4600,14-Jul-1994,6:03 PM,On Agreeing to the Amendment,None,Failed,173,0,0,5,32,217,0,11,0,1,0,0,205,218,0,16
328,D,103,H R 4600,14-Jul-1994,6:51 PM,On Agreeing to the Amendment,None,Agreed to,170,0,0,8,128,120,0,12,0,1,0,0,298,121,0,20
329,D,103,H R 4600,14-Jul-1994,7:11 PM,On Passage,EXPEDITED RESCISSIONS ACT,Passed,169,0,0,9,173,68,0,14,0,1,0,0,342,69,0,23
330,D,103,H RES 474,14-Jul-1994,8:08 PM,On Agreeing to the Resolution,PROVIDING FOR CONSIDERATION OF H.R. 3937; EXPORT ADMINISTRATION ACT OF 1994,Passed,72,67,0,39,116,89,0,50,0,1,0,0,188,157,0,89
331,D,103,H R 820,19-Jul-1994,3:03 PM,MOTION TO INSTRUCT CONFEREES,NATIONAL COMPETITIVENESS ACT,Passed,172,0,0,6,207,36,0,12,1,0,0,0,380,36,0,18
332,D,103,H R 4299,19-Jul-1994,5:35 PM,On Agreeing to the Amendment,None,Failed,17,155,0,6,176,66,0,18,1,0,0,0,194,221,0,24
333,D,103,H R 4299,19-Jul-1994,6:43 PM,On Agreeing to the Amendment,None,Failed,8,163,0,7,97,152,0,11,1,0,0,0,106,315,0,18
334,D,103,H R 8,19-Jul-1994,7:10 PM,"SUSPEND RULES AND PASS, AS AMENDED",HEALTHY MEALS FOR HEALTHY AMERICANS ACT,Passed,130,39,0,9,241,1,0,13,1,0,0,0,372,40,0,22
335,D,103,H R 4299,20-Jul-1994,12:03 PM,On Agreeing to the Amendment,None,Failed,0,173,0,5,18,232,0,10,0,1,0,0,18,406,0,15
336,D,103,H R 4299,20-Jul-1994,12:33 PM,On Passage,INTELLIGENCE AUTHORIZATION FOR F.Y. 1995,Passed,170,3,0,5,240,12,0,3,0,1,0,0,410,16,0,8
337,D,103,H R 1188,20-Jul-1994,3:32 PM,On Agreeing to the Amendment,None,Failed,3,172,0,3,84,171,0,5,1,0,0,0,88,343,0,8
338,D,103,H R 1188,20-Jul-1994,5:15 PM,On Agreeing to the Amendment,None,Failed,1,174,0,3,95,159,0,6,1,0,0,0,97,333,0,9
339,D,103,H R 1188,20-Jul-1994,5:58 PM,On Agreeing to the Amendment,None,Failed,3,173,0,2,119,132,0,9,1,0,0,0,123,305,0,11
340,D,103,H R 3355,20-Jul-1994,7:09 PM,ON MOTION TO INSTRUCT CONFEREES,CRIME CONTROL AND PREVENTION,Passed,160,12,0,6,131,115,0,9,0,1,0,0,291,128,0,15
341,D,103,MOTION,21-Jul-1994,10:25 AM,On Approving the Journal,None,Passed,17,154,0,7,217,7,0,31,1,0,0,0,235,161,0,38
342,D,103,H RES 484,21-Jul-1994,12:35 PM,On Ordering the Previous Question,PROVIDING FOR THE CONSIDERATION OF H.R. 4604,Passed,0,176,0,2,244,4,0,7,1,0,0,0,245,180,0,9
343,D,103,H R 4604,21-Jul-1994,2:52 PM,ON AGREEING TO THE AMENDMENT,None,Failed,170,3,0,5,24,229,0,7,0,1,0,0,194,233,0,12
344,D,103,H R 4604,21-Jul-1994,3:59 PM,On Agreeing to the Amendment,None,Failed,9,165,0,4,28,226,0,6,0,1,0,0,37,392,0,10
345,D,103,H R 4604,21-Jul-1994,4:49 PM,On Motion to Recommit with Instructions,BUDGET CONTROL ACT,Passed,172,0,0,6,251,0,0,4,1,0,0,0,424,0,0,10
346,D,103,H R 4604,21-Jul-1994,5:01 PM,On Passage,BUDGET CONTROL ACT,Passed,79,95,0,4,237,11,0,7,0,1,0,0,316,107,0,11
347,D,103,QUORUM 347,22-Jul-1994,12:21 PM,Call in Committee,None,Passed,0,0,162,16,0,0,230,30,0,0,1,0,0,0,393,46
348,D,103,H R 3838,22-Jul-1994,12:36 PM,On Agreeing to the Amendment,None,Agreed to,158,3,0,17,62,172,0,26,0,1,0,0,220,176,0,43
349,D,103,H R 3838,22-Jul-1994,2:08 PM,On Passage,HOUSING AND COMMUNITY DEVELOPMENT ACT OF 1994,Passed,117,35,0,26,227,1,0,27,1,0,0,0,345,36,0,53
350,D,103,S 2182,25-Jul-1994,6:51 PM,ON CLOSING PORTIONS OFTHE CONFERENCE,DEFENSE AUTHORIZATION ACT,Passed,154,0,0,24,208,1,0,46,1,0,0,0,363,1,0,70
351,D,103,QUORUM 351,26-Jul-1994,5:15 PM,Call in Committee,None,Passed,0,0,176,2,0,0,247,13,0,0,1,0,0,0,424,15
352,D,103,H R 3870,26-Jul-1994,5:24 PM,On Agreeing to the Amendment,None,Failed,3,173,0,2,198,52,0,10,1,0,0,0,202,225,0,12
353,D,103,H R 3870,26-Jul-1994,5:33 PM,On Agreeing to the Amendment,None,Agreed to,174,0,0,4,112,138,0,10,0,1,0,0,286,139,0,14
354,D,103,H RES 476,26-Jul-1994,5:57 PM,SUSPEND THE RULES AND AGREE,CONGRATULATE BERLIN ON OCCASION OF U.S. TROOP WITHDRAWAL,Passed,176,0,0,2,248,0,0,7,1,0,0,0,425,0,0,9
355,D,103,H R 518,27-Jul-1994,11:51 AM,On Agreeing to the Amendment,None,Failed,129,43,0,6,9,244,0,7,0,1,0,0,138,288,0,13
356,D,103,MOTION,27-Jul-1994,12:13 PM,ON MOTION TO LIMIT DEBATE,None,Passed,4,169,0,5,241,10,0,9,1,0,0,0,246,179,0,14
357,D,103,H R 518,27-Jul-1994,1:55 PM,On Passage,CALIFORNIA DESERT PROTECTION ACT,Passed,53,122,0,3,244,6,0,5,1,0,0,0,298,128,0,8
358,D,103,H R 4649,28-Jul-1994,12:42 PM,MOTION TO INSTRUCT CONFEREES,DISTRICT OF COLUMBIA APPROPRIATIONS FOR F.Y. 1995,Passed,172,1,0,5,144,99,0,12,0,1,0,0,316,101,0,17
359,D,103,QUORUM 359,28-Jul-1994,2:46 PM,Call in Committee,None,Passed,0,0,169,9,0,0,245,15,0,0,1,0,0,0,415,24
360,D,103,H R 2448,28-Jul-1994,2:56 PM,On Agreeing to the Amendment,None,Failed,156,13,0,9,37,213,0,10,0,1,0,0,193,227,0,19
361,D,103,H R 2448,28-Jul-1994,3:20 PM,On Passage,RADON AWARENESS AND DISCLOSURE,Passed,29,143,0,6,225,21,0,9,1,0,0,0,255,164,0,15
362,D,103,S 208,28-Jul-1994,5:15 PM,On Agreeing to the Amendment,None,Failed,131,43,0,4,17,230,1,12,0,1,0,0,148,274,1,16
363,D,103,S 208,28-Jul-1994,6:01 PM,On Passage,NATIONAL PARK SERVICE CONCESSIONS POLICY REFORM ACT,Passed,144,29,0,5,241,1,1,12,1,0,0,0,386,30,1,17
364,D,103,H RES 494,29-Jul-1994,1:46 PM,On Ordering the Previous Question,PROVIDING FOR THE CONSIDERATION OF H.R. 4801; SMALL BUSINESS ADMINISTRATION ACT,Passed,0,159,0,19,214,10,0,31,1,0,0,0,215,169,0,50
365,D,103,H RES 494,29-Jul-1994,2:17 PM,On Agreeing to the Resolution,PROVIDING FOR THE CONSIDERATION OF H.R. 4801; SMALL BUSINESS ADMINISTRATION ACT,Passed,0,155,0,23,220,6,0,29,1,0,0,0,221,161,0,52
366,D,103,H R 4506,1-Aug-1994,6:23 PM,PREVIOUS QUESTION ON MOTION TO INSTRUCT CONFEREES,ENERGY AND WATER APPROPRIATIONS FOR FY 1995,Failed,108,53,0,17,63,156,0,36,0,0,0,1,171,209,0,54
367,D,103,H R 4448,1-Aug-1994,6:46 PM,"SUSPEND THE RULES AND PASS, AS AMENDED",LOWELL HISTORICAL PARK,Failed,13,147,0,18,208,13,0,34,0,0,0,1,221,160,0,53
368,D,103,H R 4158,1-Aug-1994,6:59 PM,"SUSPEND THE RULES AND PASS, AS AMENDED",ESTABLISHING THE LOWER EAST SIDE TENEMENT MUSEUM NATIONAL HISTORICAL SITE,Failed,6,154,0,18,147,72,0,36,1,0,0,0,154,226,0,54
369,D,103,H RES 500,2-Aug-1994,2:06 PM,On Agreeing to the Resolution,PROVIDNG FOR THE CONSIDERATION OF H.R. 4003; MARITIME ADMINISTRATION AND PROMOTIONAL RE,Passed,123,52,0,3,212,25,0,18,1,0,0,0,336,77,0,21
370,D,103,H R 4003,2-Aug-1994,4:27 PM,On Agreeing to the Amendment,None,Agreed to,70,106,0,2,197,47,0,16,1,0,0,0,268,153,0,18
371,D,103,H R 4003,2-Aug-1994,4:48 PM,On Passage,MARITIME ADMINISTRATION AND PROMOTIONAL REFORM ACT OF 1994,Passed,76,98,0,4,217,24,0,14,1,0,0,0,294,122,0,18
372,D,103,S 1357,3-Aug-1994,2:16 PM,On Passage,LITTLE TRAVERSE BAY BANDS OF ODAWA INDIANS & THE LITTLE RIVER BAND OF OTTAWA INDIANS ACT,Passed,24,151,0,3,213,29,0,13,1,0,0,0,238,180,0,16
373,D,103,S 1066,3-Aug-1994,3:26 PM,On Passage,RECOGNITION OF THE POKAGON BAND OF POTAWATOMI INDIANS,Passed,33,143,0,2,214,31,0,10,1,0,0,0,248,174,0,12
374,D,103,MOTION,4-Aug-1994,10:22 AM,On Approving the Journal,None,Passed,16,145,0,17,211,6,1,37,1,0,0,0,228,151,1,54
375,D,103,H R 3474,4-Aug-1994,1:48 PM,On Agreeing to the Conference Report,COMMUNITY DEVELOPMENT AND REGULATORY IMPROVEMENT ACT,Passed,165,10,1,2,244,2,1,8,1,0,0,0,410,12,2,10
376,D,103,H R 4426,4-Aug-1994,3:24 PM,On Agreeing to the Conference Report,FOREIGN OPERATIONS APPROPRIATIONS FOR FISCAL YEAR 1995,Passed,115,61,0,2,226,23,0,6,0,1,0,0,341,85,0,8
377,D,103,H R 4217,5-Aug-1994,1:46 PM,On Agreeing to the Amendment,None,Agreed to,118,50,0,10,135,105,0,20,0,1,0,0,253,156,0,30
378,D,103,H R 4217,5-Aug-1994,1:57 PM,On Agreeing to the Amendment,None,Agreed to,165,0,0,13,235,1,0,24,1,0,0,0,401,1,0,37
379,D,103,H R 4545,8-Aug-1994,5:47 PM,"SUSPEND THE RULES AND PASS, AS AMENDED",FEDERAL RAILROAD SAFETY AUTHORIZATION ACT OF 1994,Passed,162,0,0,16,232,0,0,23,1,0,0,0,395,0,0,39
380,D,103,MOTION,9-Aug-1994,12:25 PM,On Approving the Journal,None,Passed,19,145,0,14,231,8,0,16,1,0,0,0,251,153,0,30
381,D,103,H J RES 373,9-Aug-1994,4:21 PM,On Passage,MOST-FAVORED-NATION STATUS FOR CHINA,Failed,36,141,0,1,38,215,0,2,1,0,0,0,75,356,0,3
382,D,103,H R 4590,9-Aug-1994,6:40 PM,On Agreeing to the Amendment,None,Agreed to,129,44,0,5,151,107,0,3,0,1,0,0,280,152,0,8
383,D,103,H R 4590,9-Aug-1994,7:43 PM,On Agreeing to the Amendment,None,Failed,46,125,0,7,111,145,0,4,1,0,0,0,158,270,0,11
384,D,103,H R 4603,10-Aug-1994,11:35 AM,MOTION TO INSTRUCT CONFEREES,"COMMERCE, STATE, JUSTICE, JUDICIARY APPROPRIATIONS, FY 1995",Failed,163,10,0,5,14,239,0,2,0,1,0,0,177,250,0,7
385,D,103,H R 4506,10-Aug-1994,1:01 PM,On Agreeing to the Conference Report,ENERGY AND WATER APPROPRIATIONS FOR F.Y. 1995,Passed,145,29,0,4,247,5,0,3,1,0,0,0,393,34,0,7
386,D,103,H RES 514,10-Aug-1994,2:46 PM,On Ordering the Previous Question,PROVIDING FOR THE CONSIDERATION OF H.R. 4822; THE CONGRESSIONAL ACCOUNTABILITY ACT,Passed,1,176,0,1,245,9,0,1,1,0,0,0,247,185,0,2
387,D,103,QUORUM 387,10-Aug-1994,4:54 PM,Call in Committee,None,Passed,0,0,174,4,0,0,253,7,0,0,1,0,0,0,428,11
388,D,103,H R 4822,10-Aug-1994,5:04 PM,On Agreeing to the Amendment,None,Agreed to,150,26,0,2,223,31,3,3,1,0,0,0,374,57,3,5
389,D,103,H R 4822,10-Aug-1994,5:46 PM,On Agreeing to the Amendment,None,Failed,131,45,0,2,85,174,0,1,0,1,0,0,216,220,0,3
390,D,103,H R 4822,10-Aug-1994,6:49 PM,On Passage,THE CONGRESSIONAL ACCOUNTABILITY ACT,Passed,175,0,0,3,251,4,0,1,1,0,0,0,427,4,0,4
391,D,103,MOTION,11-Aug-1994,11:23 AM,On Approving the Journal,None,Passed,15,154,0,9,235,6,1,13,1,0,0,0,251,160,1,22
392,D,103,H R 4277,11-Aug-1994,1:52 PM,On Agreeing to the Conference Report,INDEPENDENT SOCIAL SECURITY ADMINISTRATION AND OTHER PROGRAM CHANGES,Passed,178,0,0,0,252,0,0,3,1,0,0,0,431,0,0,3
393,D,103,H RES 512,11-Aug-1994,3:14 PM,On Agreeing to the Resolution,PROVIDING FOR THE CONSIDERATION OF H.R. 4907,Passed,2,176,0,0,252,2,0,1,1,0,0,0,255,178,0,1
394,D,103,H RES 517,11-Aug-1994,5:14 PM,On Agreeing to the Resolution,WAIVING POINTS OF ORDER AGAINST THE CONFERENCE REPORT ON H.R. 3355; OMNIBUS CRIME CONTROL ACT,Failed,11,167,0,0,198,58,0,0,1,0,0,0,210,225,0,0
395,D,103,H R 4907,12-Aug-1994,1:00 PM,On Agreeing to the Amendment,None,Agreed to,171,0,0,7,76,170,0,14,0,1,0,0,247,171,0,21
396,D,103,H R 4907,12-Aug-1994,1:58 PM,On Agreeing to the Amendment,None,Failed,0,170,0,8,169,73,0,18,1,0,0,0,170,243,0,26
397,D,103,H R 2947,16-Aug-1994,5:34 PM,SUSPEND THE RULES AND AGREE TO SENATE AMENDMENTS,BLACK REVOLUTIONARY WAR PATRIOTS AND WOMEN MILITARY MEMORIALS,Passed,154,0,0,24,223,0,0,32,1,0,0,0,378,0,0,56
398,D,103,H R 4867,16-Aug-1994,5:52 PM,"SUSPEND THE RULES AND PASS, AS AMENDED",HIGH-SPEED RAIL DEVELOPMENT,Passed,67,87,0,24,213,16,0,26,1,0,0,0,281,103,0,50
399,D,103,MOTION,16-Aug-1994,6:09 PM,On Approving the Journal,None,Passed,15,140,0,23,221,7,0,27,1,0,0,0,237,147,0,50
400,D,103,H R 4906,17-Aug-1994,1:24 PM,On Agreeing to the Amendment,None,Failed,142,27,0,9,18,230,0,12,0,1,0,0,160,258,0,21
401,D,103,H R 4906,17-Aug-1994,2:23 PM,On Agreeing to the Amendment,None,Failed,154,16,0,8,30,218,0,12,0,1,0,0,184,235,0,20
402,D,103,H R 4906,17-Aug-1994,3:24 PM,On Agreeing to the Amendment,None,Agreed to,166,4,0,8,155,95,0,10,1,0,0,0,322,99,0,18
403,D,103,H R 4906,17-Aug-1994,3:46 PM,On Passage,EMERGENCY SPENDING CONTROL ACT,Passed,167,0,0,11,238,6,0,11,1,0,0,0,406,6,0,22
404,D,103,S 2182,17-Aug-1994,5:54 PM,On Agreeing to the Conference Report,DEFENSE AUTHORIZATION ACT,Passed,57,113,0,8,223,23,0,9,0,1,0,0,280,137,0,17
405,D,103,MOTION,17-Aug-1994,6:22 PM,On Approving the Journal,None,Passed,17,145,0,16,210,9,0,36,1,0,0,0,228,154,0,52
406,D,103,H RES 523,18-Aug-1994,12:23 PM,On Ordering the Previous Question,"WAIVING POINTS OF ORDER AGAINST THE CONFERENCE REPORT TO ACCOMPANY H.R. 4603; COMMERCE, JUSTICE, STATE APPROPRIATIONS FOR F.Y. 1995",Passed,9,163,0,6,231,9,0,15,1,0,0,0,241,172,0,21
407,D,103,H RES 523,18-Aug-1994,12:33 PM,On Agreeing to the Resolution,"WAIVING POINTS OF ORDER AGAINST THE CONFERENCE REPORT TO ACCOMPANY H.R. 4603; COMMERCE, JUSTICE, STATE APPROPRIATIONS FOR F.Y. 1995",Passed,6,165,0,7,228,10,0,17,1,0,0,0,235,175,0,24
408,D,103,H R 4603,18-Aug-1994,2:08 PM,On Agreeing to the Conference Report,"COMMERCE, STATE, JUSTICE, JUDICIARY APPROPRIATIONS, FY 1995",Passed,89,87,0,2,232,11,0,12,1,0,0,0,322,98,0,14
409,D,103,H R 3433,18-Aug-1994,4:48 PM,On Agreeing to the Amendment,None,Failed,152,20,0,6,19,223,0,18,0,1,0,0,171,244,0,24
410,D,103,H R 3433,18-Aug-1994,5:43 PM,On Agreeing to the Amendment,None,Failed,166,6,0,6,24,220,0,16,0,1,0,0,190,227,0,22
411,D,103,H R 3433,18-Aug-1994,6:15 PM,On Passage,MANAGEMENT OF THE PRESIDIO,Passed,27,144,0,7,217,24,0,14,1,0,0,0,245,168,0,21
412,D,103,H R 4908,19-Aug-1994,1:59 PM,On Agreeing to the Amendment,None,Failed,173,2,0,3,14,236,0,10,0,1,0,0,187,239,0,13
413,D,103,MOTION,21-Aug-1994,1:32 PM,On Approving the Journal,None,Passed,17,155,0,6,230,10,0,15,1,0,0,0,248,165,0,21
414,D,103,H RES 526,21-Aug-1994,5:01 PM,On Agreeing to the Resolution,WAIVING POINTS OF ORDER AGAINST A FURTHER CONFERENCE REPORT TO ACCOMPANY H.R. 3355,Passed,42,134,0,2,196,55,0,5,1,0,0,0,239,189,0,7
415,D,103,H R 3355,21-Aug-1994,7:32 PM,RECOMMIT CONFERENCE REPORT WITH INSTRUCTIONS,CRIME CONTROL AND PREVENTION,Failed,146,30,0,2,51,201,0,4,0,1,0,0,197,232,0,6
416,D,103,H R 3355,21-Aug-1994,7:51 PM,On Agreeing to the Conference Report,CRIME CONTROL AND PREVENTION,Passed,46,131,0,1,188,64,0,4,1,0,0,0,235,195,0,5
417,D,103,H R 4624,12-Sep-1994,5:53 PM,On Agreeing to the Conference Report,"VA, HUD, AND INDEPENDENT AGENCIES APPROPRIATIONS FOR F.Y. 1995",Passed,103,55,0,20,209,6,0,40,1,0,0,0,313,61,0,60
418,D,103,H R 4624,12-Sep-1994,7:12 PM,RECEDE AND CONCUR IN SENATE ADT NO. 28 WITHAMENDMENT,"VA, HUD, AND INDEPENENT AGENCIES APPROPRIATIONS FOR F.Y. 1995",Passed,36,120,0,22,153,59,0,43,0,1,0,0,189,180,0,65
419,D,103,H R 4624,12-Sep-1994,8:22 PM,RECEDE AND CONCUR IN SENATE AMENDMENT NO. 87,"VA, HUD, AND INDEPENENT AGENCIES APPROPRIATIONS FOR F.Y. 1995",Passed,124,31,0,23,97,117,0,41,1,0,0,0,222,148,0,64
420,D,103,MOTION,13-Sep-1994,12:24 PM,On Approving the Journal,None,Passed,18,134,0,26,195,7,0,53,1,0,0,0,214,141,0,79
421,D,103,H R 4602,13-Sep-1994,3:09 PM,ON MOTION TO INSTRUCT CONFEREES,INTERIOR APPROPRIATIONS FOR F.Y. 1995,Passed,102,58,0,18,215,6,0,34,1,0,0,0,318,64,0,52
422,D,103,H R 4650,13-Sep-1994,3:39 PM,MOTION TO CLOSE THE CONFERENCE,DEFENSE APPROPRIATIONS FOR F.Y. 1995,Passed,159,0,0,19,216,0,0,39,1,0,0,0,376,0,0,58
423,D,103,H R 4308,13-Sep-1994,4:04 PM,"SUSPEND THE RULES AND PASS, AS AMENDED",WETLANDS CONSERVATION ACT AMENDMENTS,Passed,150,5,0,23,217,0,0,38,1,0,0,0,368,5,0,61
424,D,103,H CON RES 290,19-Sep-1994,7:14 PM,SUSPEND THE RULES AND AGREE,"COMMENDING THE PRESIDENT AND THE SPECIAL DELEGATION TO HAITI, AND SUPPORTING THE U.S. ARMED FORCES IN HAITI",Passed,120,45,2,11,232,0,0,24,1,0,0,0,353,45,2,35
425,D,103,S 1587,20-Sep-1994,2:55 PM,On Agreeing to the Conference Report,FEDERAL ACQUISITION STREAMLINING ACT,Passed,174,0,0,4,250,0,0,5,1,0,0,0,425,0,0,9
426,D,103,H R 6,20-Sep-1994,3:44 PM,ON MOTION TO INSTRUCT CONFEREES,IMPROVING AMERICA’S SCHOOL ACT,Passed,174,0,0,4,195,54,0,6,0,1,0,0,369,55,0,10
427,D,103,H R 4801,21-Sep-1994,11:49 AM,On Motion to Recommit with Instructions,SMALL BUSINESS ACT REAUTHORIZATION,Failed,154,17,0,7,22,224,0,9,0,1,0,0,176,242,0,16
428,D,103,H R 4801,21-Sep-1994,12:00 PM,On Passage,SMALL BUSINESS ACT REAUTHORIZATION,Passed,127,46,0,5,242,2,0,11,1,0,0,0,370,48,0,16
429,D,103,H RES 536,21-Sep-1994,1:37 PM,On Ordering the Previous Question,PROVIDING FOR CONSIDERATION OF H.R. 2866; HEADWATERS FOREST ACT,Passed,1,173,0,4,243,2,0,10,1,0,0,0,245,175,0,14
430,D,103,H RES 536,21-Sep-1994,1:45 PM,On Agreeing to the Resolution,PROVIDING FOR CONSIDERATION OF H.R. 2866; HEADWATERS FOREST ACT,Passed,1,172,0,5,244,2,0,9,1,0,0,0,246,174,0,14
431,D,103,H R 2866,21-Sep-1994,3:43 PM,On Agreeing to the Amendment,None,Agreed to,172,1,0,5,68,186,0,6,0,1,0,0,240,188,0,11
432,D,103,H R 2866,21-Sep-1994,4:16 PM,On Agreeing to the Amendment,None,Failed,149,24,0,5,21,228,0,11,0,1,0,0,170,253,0,16
433,D,103,H R 2866,21-Sep-1994,4:38 PM,On Passage,HEADWATERS FOREST ACT,Passed,46,127,0,5,241,6,0,8,1,0,0,0,288,133,0,13
434,D,103,H R 4606,22-Sep-1994,11:40 AM,On Agreeing to the Conference Report,"LABOR, HHS APPROPRIATIONS FOR F.Y. 1995",Passed,89,85,0,4,241,4,0,10,1,0,0,0,331,89,0,14
435,D,103,H RES 537,22-Sep-1994,12:50 PM,On Agreeing to the Resolution,"WAIVING POINTS OF ORDER AGAINST CONFERENCE REPORT H.R. 4539; TREASURY, POSTAL APPROPRIATIONS, F.Y. 1995",Passed,6,166,0,6,243,3,0,9,1,0,0,0,250,169,0,15
436,D,103,H R 4539,22-Sep-1994,1:58 PM,MOTION TO RECOMMIT CONFERENCE REPORT,"TREASURY, POSTAL APPROPRIATIONS FOR F.Y. 1995",Passed,169,6,0,3,65,185,0,5,0,1,0,0,234,192,0,8
437,D,103,H R 4422,22-Sep-1994,4:26 PM,On Passage,COAST GUARD AUTHORIZATION FOR F.Y. 1995,Passed,163,7,0,8,238,6,0,11,1,0,0,0,402,13,0,19
438,D,103,H R 4554,23-Sep-1994,12:13 PM,On Agreeing to the Conference Report,AGRICULTURE APPROPRIATIONS FOR F.Y. 1995,Passed,61,105,0,12,225,2,0,28,1,0,0,0,287,107,0,40
439,D,103,H R 4448,26-Sep-1994,6:49 PM,On Agreeing to the Amendment,None,Failed,149,8,0,21,16,206,0,38,0,1,0,0,165,215,0,59
440,D,103,H R 4448,26-Sep-1994,7:09 PM,On Passage,ESTABLISHING LOWEL NATIONAL HISTORICAL PARK,Passed,26,135,0,17,210,10,0,35,1,0,0,0,237,145,0,52
441,D,103,H R 4539,27-Sep-1994,1:25 PM,On Agreeing to the Conference Report,"TREASURY, POSTAL APPROPRIATIONS FOR F.Y. 1995",Passed,129,43,0,6,230,10,0,15,1,0,0,0,360,53,0,21
442,D,103,H R 5044,27-Sep-1994,4:59 PM,"SUSPEND THE RULES AND PASS, AS AMENDED",AMERICAN HERITAGE AREAS PARTNERSHIP PROGRAM,Failed,62,112,0,4,210,38,0,7,1,0,0,0,273,150,0,11
443,D,103,H R 4779,28-Sep-1994,1:38 PM,On Passage,STATE & LOCAL GOVERNMENT INTERSTATE SOLID WASTE CONTROL ACT,Passed,145,28,0,5,222,27,0,6,1,0,0,0,368,55,0,11
444,D,103,H R 4476,28-Sep-1994,1:56 PM,"SUSPEND RULES AND PASS, AS AMENDED",NATIONAL PARK SYSTEM REFORM ACT,Passed,172,0,0,6,248,0,0,7,1,0,0,0,421,0,0,13
445,D,103,H R 3171,28-Sep-1994,3:43 PM,On Agreeing to the Amendment,None,Failed,171,3,0,4,6,243,0,11,0,1,0,0,177,247,0,15
446,D,103,H R 4650,29-Sep-1994,11:38 AM,On Agreeing to the Conference Report,DEFENSE APPROPRIATIONS FOR F.Y. 1995,Passed,107,66,0,5,220,19,0,16,0,1,0,0,327,86,0,21
447,D,103,MOTION,29-Sep-1994,11:58 AM,On Approving the Journal,None,Passed,17,156,0,5,231,7,0,17,1,0,0,0,249,163,0,22
448,D,103,QUORUM 448,29-Sep-1994,1:59 PM,Call of the House,None,Passed,0,0,172,6,0,0,235,20,0,0,1,0,0,0,408,26
449,D,103,H RES 550,29-Sep-1994,2:38 PM,On Agreeing to the Resolution,WAIVING POINTS OF ORDER AGAINST THE CONFERENCE REPORT TO ACCOMPANY S. 349; LOBBYING DISCLOSURE ACT,Passed,5,170,0,3,210,35,0,11,1,0,0,0,216,205,0,14
450,D,103,S 349,29-Sep-1994,4:29 PM,ON MOTION TO RECOMMIT THE CONFERENCE REPORT,LOBBYING DISCLOSURE ACT,Failed,170,4,0,4,32,210,0,14,0,1,0,0,202,215,0,18
451,D,103,S 349,29-Sep-1994,4:51 PM,On Agreeing to the Conference Report,LOBBYING DISCLOSURE ACT,Passed,82,92,0,4,223,20,0,13,1,0,0,0,306,112,0,17
452,D,103,H R 4683,29-Sep-1994,7:03 PM,On Agreeing to the Amendment,None,Failed,89,79,0,10,71,165,0,24,1,0,0,0,161,244,0,34
453,D,103,MOTION,30-Sep-1994,10:23 AM,On Approving the Journal,None,Passed,15,130,0,33,196,6,0,53,1,0,0,0,212,136,0,86
454,D,103,H RES 556,30-Sep-1994,12:35 PM,On Agreeing to the Resolution,WAIVING POINTS OF ORDER AGAINST THE CONFERENCE REPORT TO ACCOMPANY H.R. 6; IMPROVING AMERICAN SCHOOLS ACT,Passed,0,162,0,16,229,6,0,20,1,0,0,0,230,168,0,36
455,D,103,H R 6,30-Sep-1994,2:13 PM,MOTION TO RECOMMIT THECONFERENCE REPORT,IMPROVING AMERICA’S SCHOOL ACT,Failed,151,10,0,17,33,204,0,19,0,1,0,0,184,215,0,36
456,D,103,H R 6,30-Sep-1994,2:26 PM,On Agreeing to the Conference Report,IMPROVING AMERICA’S SCHOOL ACT,Passed,31,128,0,19,230,4,0,22,1,0,0,0,262,132,0,41
457,D,103,H R 2129,3-Oct-1994,6:10 PM,"SUSPEND THE RULES AND PASS, AS AMENDED",MADRID PROTOCOL IMPLEMENTATION ACT,Passed,161,2,0,15,225,1,0,29,1,0,0,0,387,3,0,44
458,D,103,H R 4608,3-Oct-1994,6:54 PM,"SUSPEND THE RULES AND PASS, AS AMENDED",PATENT AND TRADEMARK OFFICE AUTHORIZATION ACT OF 1994,Failed,56,112,0,10,89,139,0,27,1,0,0,0,146,251,0,37
459,D,103,S 1233,3-Oct-1994,7:05 PM,SUSPEND THE RULES AND PASS,ARIZONA WILDERNESS LAND TITLE RESOLUTION ACT OF 1994,Passed,160,8,0,10,220,7,0,28,1,0,0,0,381,15,0,38
460,D,103,H R 4777,3-Oct-1994,7:13 PM,"SUSPEND THE RULES AND PASS, AS AMENDED",TECHNICAL IMPROVEMENTS IN THE U.S. CODE,Passed,166,0,0,12,224,3,0,28,1,0,0,0,391,3,0,40
461,D,103,H R 4462,3-Oct-1994,7:22 PM,"SUSPEND THE RULES AND PASS, AS AMENDED",INDIAN FEDERAL RECOGNITION,Passed,126,37,0,15,210,17,0,28,1,0,0,0,337,54,0,43
462,D,103,H R 4833,3-Oct-1994,7:29 PM,"SUSPEND THE RULES AND PASS, AS AMENDED",AMERICAN INDIAN TRUST FUND MANAGEMENT REFORM ACT OF 1994,Passed,129,36,0,13,223,3,0,29,1,0,0,0,353,39,0,42
463,D,103,S 21,4-Oct-1994,1:38 PM,QUESTION OF CONSIDERATION OF MOTION FOR CONFERENCE,CALIFORNIA DESERT PROTECTION,Passed,29,144,0,5,238,4,0,13,1,0,0,0,268,148,0,18
464,D,103,S 21,4-Oct-1994,1:56 PM,TABLE MOTION TO RECONSIDER,CALIFORNIA DESERT PROTECTION,Passed,28,147,0,3,242,3,0,10,1,0,0,0,271,150,0,13
465,D,103,S 21,4-Oct-1994,3:05 PM,MOTION TO TABLE,CALIFORNIA DESERT PROTECTION,Failed,142,32,0,4,2,226,0,27,0,1,0,0,144,259,0,31
466,D,103,S 21,4-Oct-1994,3:26 PM,ON ORDERING PREVIOUS QUESTION ON THE MOTION,CALIFORNIA DESERT PROTECTION,Passed,32,143,0,3,232,1,0,22,1,0,0,0,265,144,0,25
467,D,103,S 21,4-Oct-1994,3:44 PM,TABLE MOTION TO RECONSIDER,CALIFORNIA DESERT PROTECTION,Passed,34,141,0,3,238,2,0,15,1,0,0,0,273,143,0,18
468,D,103,S 21,4-Oct-1994,4:03 PM,MOTION TO COMMIT TO COMMITTEE,CALIFORNIA DESERT PROTECTION,Failed,137,37,0,4,4,240,0,11,0,0,0,1,141,277,0,16
469,D,103,S 21,4-Oct-1994,4:22 PM,TABLE MOTION TO RECONSIDER,CALIFORNIA DESERT PROTECTION,Passed,33,141,0,4,246,0,0,9,1,0,0,0,280,141,0,13
470,D,103,S 21,4-Oct-1994,4:42 PM,INSIST ON HOUSE AMENDMENTS AND AGREE TO A CONFERENCE,CALIFORNIA DESERT PROTECTION,Passed,37,138,0,3,245,2,0,8,1,0,0,0,283,140,0,11
471,D,103,S 21,4-Oct-1994,5:00 PM,TABLE MOTION TO RECONSIDER,CALIFORNIA DESERT PROTECTION,Passed,37,139,0,2,244,1,0,10,1,0,0,0,282,140,0,12
472,D,103,ADJOURN,4-Oct-1994,5:20 PM,ON MOTION TO ADJOURN,None,Failed,79,93,0,6,8,237,0,10,0,0,0,1,87,330,0,17
473,D,103,S 21,4-Oct-1994,5:42 PM,ON MOTION TO TABLE THEMOTION TO INSTRUCT CONFEREES,CALIFORNIA DESERT PROTECTION,Passed,32,142,0,4,241,5,0,9,1,0,0,0,274,147,0,13
474,D,103,S 21,4-Oct-1994,6:01 PM,ON MOTION TO TABLE THEMOTION TO RECONSIDER,CALIFORNIA DESERT PROTECTION,Passed,33,140,0,5,237,2,0,16,1,0,0,0,271,142,0,21
475,D,103,H R 967,4-Oct-1994,6:36 PM,"SUSPEND THE RULES AND PASS, AS AMENDED",MINOR CROP PESTICIDES ACT,Passed,168,3,0,7,166,76,0,14,0,1,0,0,334,80,0,21
476,D,103,H R 1520,4-Oct-1994,6:54 PM,"SUSPEND THE RULES AND PASS, AS AMENDED",PETROLEUM MARKETING PRACTICES ACT AMENDMENTS,Passed,173,0,0,5,239,0,0,16,1,0,0,0,413,0,0,21
477,D,103,H R 5108,4-Oct-1994,7:00 PM,SUSPEND THE RULES AND PASS,EXPORT ADMINISTRATION ACT EXTENSION,Passed,167,2,0,9,239,2,0,14,1,0,0,0,407,4,0,23
478,D,103,H CON RES 279,4-Oct-1994,7:09 PM,"SUSPEND THE RULES AND AGREE, AS AMENDED","CONDEMNING THE JULY 13, 1994 SINKING OF THE 13TH OF MARCH TUGBOAT",Passed,172,0,0,6,240,0,0,15,1,0,0,0,413,0,0,21
479,D,103,H CON RES 286,4-Oct-1994,7:17 PM,SUSPEND THE RULES AND AGREE,RECOGNIZING PRESIDENT ALFREDO CHRISTIANI’S CONTRIBUTION TO ACHIEVE PEACE IN EL SALVADOR,Passed,174,0,0,4,239,0,4,12,1,0,0,0,414,0,4,16
480,D,103,S 1225,4-Oct-1994,7:27 PM,SUSPEND THE RULES AND PASS,U.S. = MEXICO BORDER HEALTH COMMISSION,Failed,35,139,0,4,210,30,0,15,1,0,0,0,246,169,0,19
481,D,103,S 1919,4-Oct-1994,7:34 PM,"SUSPEND THE RULES AND PASS, AS AMENDED",RIO PUERCO WATERSHED ACT 0F 1994,Failed,32,141,0,5,200,39,0,16,1,0,0,0,233,180,0,21
482,D,103,H R 4533,4-Oct-1994,7:42 PM,"SUSPEND THE RULES AND PASS, AS AMENDED",NATIONAL PARK SERVICE ENTREPRENEURIAL MANAGEMENT REFORM ACT,Failed,47,126,0,5,190,48,0,17,1,0,0,0,238,174,0,22
483,D,103,H RES 563,5-Oct-1994,11:18 AM,On Agreeing to the Resolution,PROVIDING FOR THE CONSIDERATION OF H. CON. RES 301; SENSE OF CONGRESS REGARDING ENTITLEMENTS,Failed,1,175,0,2,82,163,0,10,0,1,0,0,83,339,0,12
484,D,103,H R 5044,5-Oct-1994,3:07 PM,On Agreeing to the Amendment,None,Agreed to,43,130,0,5,178,72,0,10,1,0,0,0,222,202,0,15
485,D,103,H R 5044,5-Oct-1994,4:55 PM,On Agreeing to the Amendment,None,Agreed to,46,126,0,6,187,61,0,12,1,0,0,0,234,187,0,18
486,D,103,H R 5044,5-Oct-1994,5:32 PM,On Passage,AMERICAN HERITAGE AREAS PARTNERSHIP PROGRAM,Passed,61,111,0,6,219,26,0,10,1,0,0,0,281,137,0,16
487,D,103,S 986,5-Oct-1994,5:59 PM,"SUSPEND THE RULES AND PASS, AS AMENDED","CORINTH, MISSISSIPPI BATTLEFIELD ACT OF 1993",Passed,128,41,0,9,234,4,0,17,1,0,0,0,363,45,0,26
488,D,103,H R 5139,5-Oct-1994,6:16 PM,SUSPEND THE RULES AND PASS,POSTAL SERVICE REEMPLOYMENT,Passed,64,108,0,6,235,9,0,11,1,0,0,0,300,117,0,17
489,D,103,H R 4533,5-Oct-1994,6:27 PM,"SUSPEND THE RULES AND PASS, AS AMENDED",NATIONAL PARK SERVICE ENTREPRENEURIAL MANAGEMENT REFORM ACT,Failed,46,126,0,6,195,48,0,12,1,0,0,0,242,174,0,18
490,D,103,S 1919,5-Oct-1994,6:34 PM,"SUSPEND THE RULES AND PASS, AS AMENDED",RIO PUERCO WATERSHED ACT 0F 1994,Failed,25,148,0,5,195,48,0,12,0,0,0,1,220,196,0,18
491,D,103,S 1225,5-Oct-1994,6:43 PM,SUSPEND THE RULES AND PASS,U.S. = MEXICO BORDER HEALTH COMMISSION,Passed,77,94,0,7,231,9,0,15,0,0,0,1,308,103,0,23
492,D,103,H RES 564,5-Oct-1994,9:26 PM,On Agreeing to the Resolution,"PROVIDING FOR THE CONSIDERATION OF H.R. 5110, GENERAL AGREEMENT ON TARIFFS AND TRADE",Passed,105,70,0,3,193,52,0,11,0,1,0,0,298,123,0,14
493,D,103,H RES 565,6-Oct-1994,12:57 PM,On Agreeing to the Resolution,PROVIDING FOR THE CONSIDERATION OF S. 455,Passed,148,19,0,11,235,9,0,11,1,0,0,0,384,28,0,22
494,D,103,H R 4278,6-Oct-1994,2:02 PM,On Agreeing to the Conference Report,SOCIAL SECURITY ACT AMENDMENTS OF 1994,Passed,175,0,0,3,247,0,0,8,1,0,0,0,423,0,0,11
495,D,103,H RES 570,6-Oct-1994,5:20 PM,On Agreeing to the Resolution,PROVIDING FOR FURTHER CONSIDERATION OF H.J. RES 416; LIMITED AUTHORIZATION OF U.S. TROOPS IN HAITI,Passed,0,174,0,4,240,8,0,7,1,0,0,0,241,182,0,11
496,D,103,QUORUM 496,6-Oct-1994,8:54 PM,Call in Committee,None,Passed,0,0,156,22,0,0,221,39,0,0,1,0,0,0,378,61
497,D,103,H J RES 416,6-Oct-1994,9:43 PM,On Agreeing to the Amendment,None,Failed,173,1,1,3,32,223,0,6,0,1,0,0,205,225,1,9
498,D,103,H J RES 416,6-Oct-1994,11:18 PM,On Agreeing to the Amendment,None,Agreed to,34,136,0,8,224,30,1,5,0,1,0,0,258,167,1,13
499,D,103,H J RES 416,6-Oct-1994,11:59 PM,On Agreeing to the Amendment,None,Failed,0,170,0,8,26,228,0,6,1,0,0,0,27,398,0,14
500,D,103,H J RES 416,6-Oct-1994,11:59 PM,On Passage,LIMITED AUTHORIZATION OF U.S. TROOPS IN HAITI,Passed,19,150,0,9,217,31,1,7,0,1,0,0,236,182,1,16
501,D,103,H RES 568,6-Oct-1994,11:59 PM,On Agreeing to the Resolution,WAIVING POINTS OF ORDER AGAINST THE CONFERENCE REPORT ON S. 21,Passed,16,137,0,25,225,3,0,27,1,0,0,0,242,140,0,52
502,D,103,S 455,7-Oct-1994,3:29 PM,On Agreeing to the Amendment,None,Failed,55,113,0,10,105,148,0,8,0,1,0,0,160,262,0,18
503,D,103,S 455,7-Oct-1994,4:20 PM,On Agreeing to the Amendment,None,Failed,74,92,0,12,121,130,0,10,0,1,0,0,195,223,0,22
504,D,103,S 1569,7-Oct-1994,5:49 PM,On Agreeing to the Conference Report,MINORITY HEALTH IMPROVEMENT ACT OF 1994,Passed,156,5,0,17,237,0,0,18,1,0,0,0,394,5,0,35
505,D,103,H RES 579,7-Oct-1994,9:32 PM,On Agreeing to the Resolution,PROVIDING FOR THE ADOPTION OF H. RES. 578,Passed,138,3,0,37,209,0,0,47,1,0,0,0,348,3,0,84
506,D,103,MOTION,29-Nov-1994,12:28 PM,On Approving the Journal,None,Passed,24,142,0,10,198,10,0,47,1,0,0,0,223,152,0,57
507,D,103,H R 5110,29-Nov-1994,6:39 PM,On Passage,GENERAL AGREEMENT ON TARIFFS AND TRADE,Passed,121,56,0,0,167,89,0,0,0,1,0,0,288,146,0,0
